2025-07-18 12:45:42,665 - Knowledge - INFO - Redis support added with prefix knowledge:b0265zy:
2025-07-18 12:45:42,863 - Knowledge - INFO - Skipped file Appendix_Review_of_Image_Processing_Concepts.ipynb. File size greater than 2MB.
2025-07-18 12:45:43,015 - Knowledge - INFO - Skipped file column_tiled_animation_color_threshold.html. File size greater than 2MB.
2025-07-18 12:45:43,168 - Knowledge - INFO - Skipped file resnet.qdq.U8S8.onnx. File size greater than 2MB.
2025-07-18 12:45:43,522 - Knowledge - INFO - load persisted knowledge: begin
2025-07-18 12:45:43,597 - Knowledge - INFO - load persisted knowledge: end
2025-07-18 12:45:43,683 - Knowledge - INFO - load persisted docinfo: begin
2025-07-18 12:45:43,786 - Knowledge - INFO - load persisted docinfo: end
2025-07-18 12:45:43,944 - Knowledge - INFO - Skipped file Appendix_Review_of_Image_Processing_Concepts.ipynb. File size greater than 2MB.
2025-07-18 12:45:44,033 - Knowledge - INFO - Skipped file column_tiled_animation_color_threshold.html. File size greater than 2MB.
2025-07-18 12:45:44,139 - Knowledge - INFO - Skipped file resnet.qdq.U8S8.onnx. File size greater than 2MB.
2025-07-18 12:45:44,342 - Knowledge - INFO - worker kw1 created
2025-07-18 12:45:44,429 - Knowledge - INFO - knowledge worker kw1 start
2025-07-18 12:45:44,430 - Knowledge - INFO - worker kw2 created
2025-07-18 12:45:44,544 - Knowledge - INFO - worker kw1 pull /app/data/b2c/122842/b0265zy/Rialto-AMD/scripts/linux/xdna-driver-builder/build.sh from ingest queue
2025-07-18 12:45:44,647 - Knowledge - INFO - knowledge worker kw2 start
2025-07-18 12:45:44,647 - Knowledge - INFO - worker kw3 created
2025-07-18 12:45:44,787 - Knowledge - INFO - process ingested knowledge for /app/data/b2c/122842/b0265zy/Rialto-AMD/scripts/linux/xdna-driver-builder/build.sh
2025-07-18 12:45:44,835 - Knowledge - INFO - worker kw2 pull /app/data/b2c/122842/b0265zy/Rialto-AMD/scripts/linux/xdna-driver-builder/README.md from ingest queue
2025-07-18 12:45:44,944 - Knowledge - INFO - knowledge worker kw3 start
2025-07-18 12:45:44,945 - Knowledge - INFO - worker kw4 created
2025-07-18 12:45:45,063 - Knowledge - INFO - Found code-base-name: https://github.com/Kavia-Admin/Rialto-AMD.git:main
2025-07-18 12:45:45,228 - Knowledge - INFO - process ingested knowledge for /app/data/b2c/122842/b0265zy/Rialto-AMD/scripts/linux/xdna-driver-builder/README.md
2025-07-18 12:45:45,270 - Knowledge - INFO - worker kw3 pull /app/data/b2c/122842/b0265zy/Rialto-AMD/scripts/linux/launch_jupyter.sh from ingest queue
2025-07-18 12:45:45,351 - Knowledge - INFO - knowledge worker kw4 start
2025-07-18 12:45:45,352 - Knowledge - INFO - worker kw5 created
2025-07-18 12:45:45,429 - Knowledge - INFO - Found code_base: <app.utils.kg_build.knowledge.KnowledgeCodeBase object at 0x7f32cffd1b90>
2025-07-18 12:45:45,509 - Knowledge - INFO - Found code-base-name: https://github.com/Kavia-Admin/Rialto-AMD.git:main
2025-07-18 12:45:45,627 - Knowledge - INFO - process ingested knowledge for /app/data/b2c/122842/b0265zy/Rialto-AMD/scripts/linux/launch_jupyter.sh
2025-07-18 12:45:45,708 - Knowledge - INFO - worker kw4 pull /app/data/b2c/122842/b0265zy/Rialto-AMD/scripts/linux/run_pytest.sh from ingest queue
2025-07-18 12:45:45,782 - Knowledge - INFO - knowledge worker kw5 start
2025-07-18 12:45:45,784 - Knowledge - INFO - worker kw6 created
2025-07-18 12:45:45,893 - Knowledge - INFO - persist ingested knowledge for /app/data/b2c/122842/b0265zy/Rialto-AMD/scripts/linux/xdna-driver-builder/build.sh
2025-07-18 12:45:46,006 - Knowledge - INFO - Found code_base: <app.utils.kg_build.knowledge.KnowledgeCodeBase object at 0x7f32cffd1b90>
2025-07-18 12:45:46,096 - Knowledge - INFO - Found code-base-name: https://github.com/Kavia-Admin/Rialto-AMD.git:main
2025-07-18 12:45:46,208 - Knowledge - INFO - process ingested knowledge for /app/data/b2c/122842/b0265zy/Rialto-AMD/scripts/linux/run_pytest.sh
2025-07-18 12:45:46,285 - Knowledge - INFO - worker kw5 pull /app/data/b2c/122842/b0265zy/Rialto-AMD/scripts/linux/README.md from ingest queue
2025-07-18 12:45:46,380 - Knowledge - INFO - knowledge worker kw6 start
2025-07-18 12:45:46,380 - Knowledge - INFO - worker kw7 created
2025-07-18 12:45:46,517 - Knowledge - INFO - persist ingested knowledge for /app/data/b2c/122842/b0265zy/Rialto-AMD/scripts/linux/xdna-driver-builder/README.md
2025-07-18 12:45:46,527 - Knowledge - INFO - adding /app/data/b2c/122842/b0265zy/Rialto-AMD/scripts/linux/xdna-driver-builder/build.sh to ingest queue
2025-07-18 12:45:46,589 - Knowledge - INFO - Found code_base: <app.utils.kg_build.knowledge.KnowledgeCodeBase object at 0x7f32cffd1b90>
2025-07-18 12:45:46,808 - Knowledge - INFO - process ingested knowledge for /app/data/b2c/122842/b0265zy/Rialto-AMD/scripts/linux/README.md
2025-07-18 12:45:46,950 - Knowledge - INFO - knowledge worker kw7 start
2025-07-18 12:45:46,950 - Knowledge - INFO - worker kw8 created
2025-07-18 12:45:47,142 - Knowledge - INFO - Found code-base-name: https://github.com/Kavia-Admin/Rialto-AMD.git:main
2025-07-18 12:45:47,617 - Knowledge - INFO - Found code_base: <app.utils.kg_build.knowledge.KnowledgeCodeBase object at 0x7f32cffd1b90>
2025-07-18 12:45:47,251 - Knowledge - INFO - persist ingested knowledge for /app/data/b2c/122842/b0265zy/Rialto-AMD/scripts/linux/launch_jupyter.sh
2025-07-18 12:45:47,258 - Knowledge - INFO - worker kw1 pull /app/data/b2c/122842/b0265zy/Rialto-AMD/scripts/linux/setup_riallto_linux.sh from ingest queue
2025-07-18 12:45:47,258 - Knowledge - INFO - adding /app/data/b2c/122842/b0265zy/Rialto-AMD/scripts/linux/xdna-driver-builder/README.md to ingest queue
2025-07-18 12:45:47,540 - Knowledge - INFO - knowledge worker kw8 start
2025-07-18 12:45:47,542 - Knowledge - INFO - worker kw9 created
2025-07-18 12:45:47,150 - Knowledge - INFO - worker kw6 pull /app/data/b2c/122842/b0265zy/Rialto-AMD/scripts/linux/create_container.sh from ingest queue
2025-07-18 12:45:47,733 - Knowledge - INFO - persist ingested knowledge for /app/data/b2c/122842/b0265zy/Rialto-AMD/scripts/linux/run_pytest.sh
2025-07-18 12:45:48,006 - Knowledge - INFO - Found code-base-name: https://github.com/Kavia-Admin/Rialto-AMD.git:main
2025-07-18 12:45:48,006 - Knowledge - INFO - worker kw7 pull /app/data/b2c/122842/b0265zy/Rialto-AMD/scripts/wsl/setup_env.sh from ingest queue
2025-07-18 12:45:48,009 - Knowledge - INFO - process ingested knowledge for /app/data/b2c/122842/b0265zy/Rialto-AMD/scripts/linux/setup_riallto_linux.sh
2025-07-18 12:45:48,064 - Knowledge - INFO - worker kw2 pull /app/data/b2c/122842/b0265zy/Rialto-AMD/scripts/wsl/mlir_settings.sh from ingest queue
2025-07-18 12:45:48,064 - Knowledge - INFO - adding /app/data/b2c/122842/b0265zy/Rialto-AMD/scripts/linux/launch_jupyter.sh to ingest queue
2025-07-18 12:45:48,200 - Knowledge - INFO - knowledge worker kw9 start
2025-07-18 12:45:48,200 - Knowledge - INFO - worker kw10 created
2025-07-18 12:45:48,319 - Knowledge - INFO - process ingested knowledge for /app/data/b2c/122842/b0265zy/Rialto-AMD/scripts/linux/create_container.sh
2025-07-18 12:45:48,463 - Knowledge - INFO - Found code_base: <app.utils.kg_build.knowledge.KnowledgeCodeBase object at 0x7f32cffd1b90>
2025-07-18 12:45:49,182 - Knowledge - INFO - persist ingested knowledge for /app/data/b2c/122842/b0265zy/Rialto-AMD/scripts/linux/README.md
2025-07-18 12:45:48,746 - Knowledge - INFO - process ingested knowledge for /app/data/b2c/122842/b0265zy/Rialto-AMD/scripts/wsl/mlir_settings.sh
2025-07-18 12:45:48,776 - Knowledge - INFO - worker kw8 pull /app/data/b2c/122842/b0265zy/Rialto-AMD/scripts/wsl/ubuntu_deps.sh from ingest queue
2025-07-18 12:45:48,867 - Knowledge - INFO - Found code-base-name: https://github.com/Kavia-Admin/Rialto-AMD.git:main
2025-07-18 12:45:48,867 - Knowledge - INFO - worker kw3 pull /app/data/b2c/122842/b0265zy/Rialto-AMD/setup.py from ingest queue
2025-07-18 12:45:48,867 - Knowledge - INFO - adding /app/data/b2c/122842/b0265zy/Rialto-AMD/scripts/linux/run_pytest.sh to ingest queue
2025-07-18 12:45:48,998 - Knowledge - INFO - knowledge worker kw10 start
2025-07-18 12:45:49,002 - Knowledge - INFO - worker kw11 created
2025-07-18 12:45:48,582 - Knowledge - INFO - process ingested knowledge for /app/data/b2c/122842/b0265zy/Rialto-AMD/scripts/wsl/setup_env.sh
2025-07-18 12:45:49,532 - Knowledge - INFO - process ingested knowledge for /app/data/b2c/122842/b0265zy/Rialto-AMD/scripts/wsl/ubuntu_deps.sh
2025-07-18 12:45:49,608 - Knowledge - INFO - Found code_base: <app.utils.kg_build.knowledge.KnowledgeCodeBase object at 0x7f32cffd1b90>
2025-07-18 12:45:49,751 - Knowledge - INFO - process ingested knowledge for /app/data/b2c/122842/b0265zy/Rialto-AMD/setup.py
2025-07-18 12:45:49,799 - Knowledge - INFO - worker kw9 pull /app/data/b2c/122842/b0265zy/Rialto-AMD/notebooks/3_1_Color_threshold_example.ipynb from ingest queue
2025-07-18 12:45:49,801 - Knowledge - INFO - Found code-base-name: https://github.com/Kavia-Admin/Rialto-AMD.git:main
2025-07-18 12:45:50,510 - Knowledge - INFO - Found code_base: <app.utils.kg_build.knowledge.KnowledgeCodeBase object at 0x7f32cffd1b90>
2025-07-18 12:45:49,912 - Knowledge - INFO - worker kw4 pull /app/data/b2c/122842/b0265zy/Rialto-AMD/notebooks/3_5_Color_detect_example.ipynb from ingest queue
2025-07-18 12:45:49,914 - Knowledge - INFO - worker kw10 pull /app/data/b2c/122842/b0265zy/Rialto-AMD/notebooks/4_8_build_a_colorDetect_application.ipynb from ingest queue
2025-07-18 12:45:49,914 - Knowledge - INFO - adding /app/data/b2c/122842/b0265zy/Rialto-AMD/scripts/linux/README.md to ingest queue
2025-07-18 12:45:50,018 - Knowledge - INFO - knowledge worker kw11 start
2025-07-18 12:45:50,019 - Knowledge - INFO - worker kw12 created
2025-07-18 12:45:50,250 - Knowledge - INFO - persist ingested knowledge for /app/data/b2c/122842/b0265zy/Rialto-AMD/scripts/linux/setup_riallto_linux.sh
2025-07-18 12:45:50,493 - Knowledge - INFO - process ingested knowledge for /app/data/b2c/122842/b0265zy/Rialto-AMD/notebooks/3_1_Color_threshold_example.ipynb
2025-07-18 12:45:49,912 - Knowledge - INFO - Found code-base-name: https://github.com/Kavia-Admin/Rialto-AMD.git:main
2025-07-18 12:45:50,634 - Knowledge - INFO - persist ingested knowledge for /app/data/b2c/122842/b0265zy/Rialto-AMD/scripts/linux/create_container.sh
2025-07-18 12:45:50,823 - Knowledge - INFO - process ingested knowledge for /app/data/b2c/122842/b0265zy/Rialto-AMD/notebooks/3_5_Color_detect_example.ipynb
2025-07-18 12:45:50,882 - Knowledge - INFO - process ingested knowledge for /app/data/b2c/122842/b0265zy/Rialto-AMD/notebooks/4_8_build_a_colorDetect_application.ipynb
2025-07-18 12:45:50,939 - Knowledge - INFO - Found code-base-name: https://github.com/Kavia-Admin/Rialto-AMD.git:main
2025-07-18 12:45:50,939 - Knowledge - INFO - Found code-base-name: https://github.com/Kavia-Admin/Rialto-AMD.git:main
2025-07-18 12:45:50,940 - Knowledge - INFO - Found code-base-name: https://github.com/Kavia-Admin/Rialto-AMD.git:main
2025-07-18 12:45:50,942 - Knowledge - INFO - worker kw5 pull /app/data/b2c/122842/b0265zy/Rialto-AMD/notebooks/Glossary.ipynb from ingest queue
2025-07-18 12:45:51,031 - Knowledge - INFO - worker kw11 pull /app/data/b2c/122842/b0265zy/Rialto-AMD/notebooks/1_1_ryzenai.ipynb from ingest queue
2025-07-18 12:45:51,123 - Knowledge - INFO - knowledge worker kw12 start
2025-07-18 12:45:51,123 - Knowledge - INFO - worker kw13 created
2025-07-18 12:45:51,313 - Knowledge - INFO - adding /app/data/b2c/122842/b0265zy/Rialto-AMD/scripts/linux/setup_riallto_linux.sh to ingest queue
2025-07-18 12:45:51,429 - Knowledge - INFO - Found code_base: <app.utils.kg_build.knowledge.KnowledgeCodeBase object at 0x7f32cffd1b90>
2025-07-18 12:45:52,528 - Knowledge - INFO - persist ingested knowledge for /app/data/b2c/122842/b0265zy/Rialto-AMD/scripts/wsl/mlir_settings.sh
2025-07-18 12:45:51,920 - Knowledge - INFO - Found code_base: <app.utils.kg_build.knowledge.KnowledgeCodeBase object at 0x7f32cffd1b90>
2025-07-18 12:45:52,004 - Knowledge - INFO - Found code_base: <app.utils.kg_build.knowledge.KnowledgeCodeBase object at 0x7f32cffd1b90>
2025-07-18 12:45:52,179 - Knowledge - INFO - process ingested knowledge for /app/data/b2c/122842/b0265zy/Rialto-AMD/notebooks/Glossary.ipynb
2025-07-18 12:45:52,289 - Knowledge - INFO - process ingested knowledge for /app/data/b2c/122842/b0265zy/Rialto-AMD/notebooks/1_1_ryzenai.ipynb
2025-07-18 12:45:52,378 - Knowledge - INFO - knowledge worker kw13 start
2025-07-18 12:45:52,379 - Knowledge - INFO - worker kw14 created
2025-07-18 12:45:52,454 - Knowledge - INFO - Found code-base-name: https://github.com/Kavia-Admin/Rialto-AMD.git:main
2025-07-18 12:45:52,523 - Knowledge - INFO - adding /app/data/b2c/122842/b0265zy/Rialto-AMD/scripts/linux/create_container.sh to ingest queue
2025-07-18 12:45:51,849 - Knowledge - INFO - Found code_base: <app.utils.kg_build.knowledge.KnowledgeCodeBase object at 0x7f32cffd1b90>
2025-07-18 12:45:52,724 - Knowledge - INFO - persist ingested knowledge for /app/data/b2c/122842/b0265zy/Rialto-AMD/scripts/wsl/ubuntu_deps.sh
2025-07-18 12:45:52,821 - Knowledge - INFO - persist ingested knowledge for /app/data/b2c/122842/b0265zy/Rialto-AMD/setup.py
2025-07-18 12:45:53,241 - Knowledge - INFO - knowledge worker kw14 start
2025-07-18 12:45:53,241 - Knowledge - INFO - worker kw15 created
2025-07-18 12:45:53,353 - Knowledge - INFO - Found code_base: <app.utils.kg_build.knowledge.KnowledgeCodeBase object at 0x7f32cffd1b90>
2025-07-18 12:45:53,431 - Knowledge - INFO - Found code-base-name: https://github.com/Kavia-Admin/Rialto-AMD.git:main
2025-07-18 12:45:53,437 - Knowledge - INFO - worker kw12 pull /app/data/b2c/122842/b0265zy/Rialto-AMD/notebooks/4_3_kernels_with_runtime_parameters.ipynb from ingest queue
2025-07-18 12:45:53,438 - Knowledge - INFO - worker kw1 pull /app/data/b2c/122842/b0265zy/Rialto-AMD/notebooks/3_2_Ryzenai_capabilities.ipynb from ingest queue
2025-07-18 12:45:53,439 - Knowledge - INFO - Found code-base-name: https://github.com/Kavia-Admin/Rialto-AMD.git:main
2025-07-18 12:45:53,439 - Knowledge - INFO - Found code-base-name: https://github.com/Kavia-Admin/Rialto-AMD.git:main
2025-07-18 12:45:55,304 - Knowledge - INFO - Found code_base: <app.utils.kg_build.knowledge.KnowledgeCodeBase object at 0x7f32cffd1b90>
2025-07-18 12:45:53,439 - Knowledge - INFO - worker kw13 pull /app/data/b2c/122842/b0265zy/Rialto-AMD/notebooks/5_2_pytorch_onnx_re-train.ipynb from ingest queue
2025-07-18 12:45:53,439 - Knowledge - INFO - worker kw6 pull /app/data/b2c/122842/b0265zy/Rialto-AMD/notebooks/1_0_Introduction.ipynb from ingest queue
2025-07-18 12:45:53,512 - Knowledge - INFO - persist ingested knowledge for /app/data/b2c/122842/b0265zy/Rialto-AMD/scripts/wsl/setup_env.sh
2025-07-18 12:45:53,535 - Knowledge - INFO - adding /app/data/b2c/122842/b0265zy/Rialto-AMD/scripts/wsl/mlir_settings.sh to ingest queue
2025-07-18 12:45:53,895 - Knowledge - INFO - knowledge worker kw15 start
2025-07-18 12:45:53,989 - Knowledge - INFO - persist ingested knowledge for /app/data/b2c/122842/b0265zy/Rialto-AMD/notebooks/3_1_Color_threshold_example.ipynb
2025-07-18 12:45:54,067 - Knowledge - INFO - Found code_base: <app.utils.kg_build.knowledge.KnowledgeCodeBase object at 0x7f32cffd1b90>
2025-07-18 12:45:54,183 - Knowledge - INFO - process ingested knowledge for /app/data/b2c/122842/b0265zy/Rialto-AMD/notebooks/4_3_kernels_with_runtime_parameters.ipynb
2025-07-18 12:45:54,280 - Knowledge - INFO - process ingested knowledge for /app/data/b2c/122842/b0265zy/Rialto-AMD/notebooks/3_2_Ryzenai_capabilities.ipynb
2025-07-18 12:45:54,320 - Knowledge - INFO - Found code_base: <app.utils.kg_build.knowledge.KnowledgeCodeBase object at 0x7f32cffd1b90>
2025-07-18 12:45:56,417 - Knowledge - INFO - persist ingested knowledge for /app/data/b2c/122842/b0265zy/Rialto-AMD/notebooks/3_5_Color_detect_example.ipynb
2025-07-18 12:45:55,389 - Knowledge - INFO - persist ingested knowledge for /app/data/b2c/122842/b0265zy/Rialto-AMD/notebooks/Glossary.ipynb
2025-07-18 12:45:55,538 - Knowledge - INFO - process ingested knowledge for /app/data/b2c/122842/b0265zy/Rialto-AMD/notebooks/5_2_pytorch_onnx_re-train.ipynb
2025-07-18 12:45:55,636 - Knowledge - INFO - process ingested knowledge for /app/data/b2c/122842/b0265zy/Rialto-AMD/notebooks/1_0_Introduction.ipynb
2025-07-18 12:45:55,952 - Knowledge - INFO - worker kw14 pull /app/data/b2c/122842/b0265zy/Rialto-AMD/notebooks/2_1_MS_Windows_Studio_Effects.ipynb from ingest queue
2025-07-18 12:45:56,021 - Knowledge - INFO - worker kw2 pull /app/data/b2c/122842/b0265zy/Rialto-AMD/notebooks/4_4_threshold_kernel_with_vector_ops.ipynb from ingest queue
2025-07-18 12:45:56,022 - Knowledge - INFO - worker kw15 pull /app/data/b2c/122842/b0265zy/Rialto-AMD/notebooks/4_5_describe_an_application.ipynb from ingest queue
2025-07-18 12:45:56,022 - Knowledge - INFO - adding /app/data/b2c/122842/b0265zy/Rialto-AMD/setup.py to ingest queue
2025-07-18 12:45:56,104 - Knowledge - INFO - persist ingested knowledge for /app/data/b2c/122842/b0265zy/Rialto-AMD/notebooks/4_8_build_a_colorDetect_application.ipynb
2025-07-18 12:45:53,439 - Knowledge - INFO - Found code-base-name: https://github.com/Kavia-Admin/Rialto-AMD.git:main
2025-07-18 12:45:57,024 - Knowledge - INFO - process ingested knowledge for /app/data/b2c/122842/b0265zy/Rialto-AMD/notebooks/2_1_MS_Windows_Studio_Effects.ipynb
2025-07-18 12:45:57,082 - Knowledge - INFO - process ingested knowledge for /app/data/b2c/122842/b0265zy/Rialto-AMD/notebooks/4_4_threshold_kernel_with_vector_ops.ipynb
2025-07-18 12:45:57,167 - Knowledge - INFO - process ingested knowledge for /app/data/b2c/122842/b0265zy/Rialto-AMD/notebooks/4_5_describe_an_application.ipynb
2025-07-18 12:45:57,299 - Knowledge - INFO - adding /app/data/b2c/122842/b0265zy/Rialto-AMD/scripts/wsl/setup_env.sh to ingest queue
2025-07-18 12:45:57,397 - Knowledge - INFO - Found code_base: <app.utils.kg_build.knowledge.KnowledgeCodeBase object at 0x7f32cffd1b90>
2025-07-18 12:45:57,807 - Knowledge - INFO - adding /app/data/b2c/122842/b0265zy/Rialto-AMD/scripts/wsl/ubuntu_deps.sh to ingest queue
2025-07-18 12:45:57,895 - Knowledge - INFO - persist ingested knowledge for /app/data/b2c/122842/b0265zy/Rialto-AMD/notebooks/1_1_ryzenai.ipynb
2025-07-18 12:45:57,990 - Knowledge - INFO - Found code-base-name: https://github.com/Kavia-Admin/Rialto-AMD.git:main
2025-07-18 12:45:57,990 - Knowledge - INFO - worker kw8 pull /app/data/b2c/122842/b0265zy/Rialto-AMD/notebooks/4_7_using_the_memtile_in_your_applications.ipynb from ingest queue
2025-07-18 12:45:58,063 - Knowledge - INFO - Found code-base-name: https://github.com/Kavia-Admin/Rialto-AMD.git:main
2025-07-18 12:45:58,304 - Knowledge - INFO - Found code_base: <app.utils.kg_build.knowledge.KnowledgeCodeBase object at 0x7f32cffd1b90>
2025-07-18 12:45:58,379 - Knowledge - INFO - persist ingested knowledge for /app/data/b2c/122842/b0265zy/Rialto-AMD/notebooks/5_2_pytorch_onnx_re-train.ipynb
2025-07-18 12:45:58,123 - Knowledge - INFO - Found code-base-name: https://github.com/Kavia-Admin/Rialto-AMD.git:main
2025-07-18 12:45:58,123 - Knowledge - INFO - Found code-base-name: https://github.com/Kavia-Admin/Rialto-AMD.git:main
2025-07-18 12:45:58,703 - Knowledge - INFO - Found code_base: <app.utils.kg_build.knowledge.KnowledgeCodeBase object at 0x7f32cffd1b90>
2025-07-18 12:45:58,837 - Knowledge - INFO - persist ingested knowledge for /app/data/b2c/122842/b0265zy/Rialto-AMD/notebooks/4_4_threshold_kernel_with_vector_ops.ipynb
2025-07-18 12:45:58,124 - Knowledge - INFO - Found code-base-name: https://github.com/Kavia-Admin/Rialto-AMD.git:main
2025-07-18 12:45:58,125 - Knowledge - INFO - adding /app/data/b2c/122842/b0265zy/Rialto-AMD/notebooks/Glossary.ipynb to ingest queue
2025-07-18 12:45:58,148 - Knowledge - INFO - Found code_base: <app.utils.kg_build.knowledge.KnowledgeCodeBase object at 0x7f32cffd1b90>
2025-07-18 12:45:58,274 - Knowledge - INFO - process ingested knowledge for /app/data/b2c/122842/b0265zy/Rialto-AMD/notebooks/4_7_using_the_memtile_in_your_applications.ipynb
2025-07-18 12:45:58,063 - Knowledge - INFO - Found code-base-name: https://github.com/Kavia-Admin/Rialto-AMD.git:main
2025-07-18 12:45:59,502 - Knowledge - INFO - Found code_base: <app.utils.kg_build.knowledge.KnowledgeCodeBase object at 0x7f32cffd1b90>
2025-07-18 12:45:59,600 - Knowledge - INFO - persist ingested knowledge for /app/data/b2c/122842/b0265zy/Rialto-AMD/notebooks/1_0_Introduction.ipynb
2025-07-18 12:45:58,123 - Knowledge - INFO - Found code-base-name: https://github.com/Kavia-Admin/Rialto-AMD.git:main
2025-07-18 12:45:59,799 - Knowledge - INFO - Found code_base: <app.utils.kg_build.knowledge.KnowledgeCodeBase object at 0x7f32cffd1b90>
2025-07-18 12:45:59,149 - Knowledge - INFO - Found code_base: <app.utils.kg_build.knowledge.KnowledgeCodeBase object at 0x7f32cffd1b90>
2025-07-18 12:45:59,219 - Knowledge - INFO - adding /app/data/b2c/122842/b0265zy/Rialto-AMD/notebooks/3_1_Color_threshold_example.ipynb to ingest queue
2025-07-18 12:45:59,299 - Knowledge - INFO - persist ingested knowledge for /app/data/b2c/122842/b0265zy/Rialto-AMD/notebooks/4_3_kernels_with_runtime_parameters.ipynb
2025-07-18 12:45:58,063 - Knowledge - INFO - worker kw3 pull /app/data/b2c/122842/b0265zy/Rialto-AMD/notebooks/3_3_Scaled_color_threshold_example.ipynb from ingest queue
2025-07-18 12:45:58,593 - Knowledge - INFO - Found code_base: <app.utils.kg_build.knowledge.KnowledgeCodeBase object at 0x7f32cffd1b90>
2025-07-18 12:45:58,124 - Knowledge - INFO - worker kw7 pull /app/data/b2c/122842/b0265zy/Rialto-AMD/notebooks/3_4_Edge_detect_example.ipynb from ingest queue
2025-07-18 12:45:59,916 - Knowledge - INFO - persist ingested knowledge for /app/data/b2c/122842/b0265zy/Rialto-AMD/notebooks/4_5_describe_an_application.ipynb
2025-07-18 12:45:59,997 - Knowledge - INFO - persist ingested knowledge for /app/data/b2c/122842/b0265zy/Rialto-AMD/notebooks/3_2_Ryzenai_capabilities.ipynb
2025-07-18 12:46:00,189 - Knowledge - INFO - adding /app/data/b2c/122842/b0265zy/Rialto-AMD/notebooks/4_8_build_a_colorDetect_application.ipynb to ingest queue
2025-07-18 12:46:00,368 - Knowledge - INFO - process ingested knowledge for /app/data/b2c/122842/b0265zy/Rialto-AMD/notebooks/3_3_Scaled_color_threshold_example.ipynb
2025-07-18 12:46:00,446 - Knowledge - INFO - persist ingested knowledge for /app/data/b2c/122842/b0265zy/Rialto-AMD/notebooks/2_1_MS_Windows_Studio_Effects.ipynb
2025-07-18 12:46:00,603 - Knowledge - INFO - process ingested knowledge for /app/data/b2c/122842/b0265zy/Rialto-AMD/notebooks/3_4_Edge_detect_example.ipynb
2025-07-18 12:46:01,076 - Knowledge - INFO - worker kw5 pull /app/data/b2c/122842/b0265zy/Rialto-AMD/notebooks/4_2_write_your_kernel.ipynb from ingest queue
2025-07-18 12:46:01,076 - Knowledge - INFO - Found code-base-name: https://github.com/Kavia-Admin/Rialto-AMD.git:main
2025-07-18 12:46:01,079 - Knowledge - INFO - worker kw9 pull /app/data/b2c/122842/b0265zy/Rialto-AMD/notebooks/5_1_pytorch_onnx_inference.ipynb from ingest queue
2025-07-18 12:46:01,079 - Knowledge - INFO - adding /app/data/b2c/122842/b0265zy/Rialto-AMD/notebooks/1_1_ryzenai.ipynb to ingest queue
2025-07-18 12:46:01,276 - Knowledge - INFO - process ingested knowledge for /app/data/b2c/122842/b0265zy/Rialto-AMD/notebooks/4_2_write_your_kernel.ipynb
2025-07-18 12:46:01,320 - Knowledge - INFO - Found code_base: <app.utils.kg_build.knowledge.KnowledgeCodeBase object at 0x7f32cffd1b90>
2025-07-18 12:46:01,721 - Knowledge - INFO - persist ingested knowledge for /app/data/b2c/122842/b0265zy/Rialto-AMD/notebooks/4_7_using_the_memtile_in_your_applications.ipynb
2025-07-18 12:46:01,677 - Knowledge - INFO - worker kw10 pull /app/data/b2c/122842/b0265zy/Rialto-AMD/notebooks/onnx/vaip_config.json from ingest queue
2025-07-18 12:46:01,678 - Knowledge - INFO - adding /app/data/b2c/122842/b0265zy/Rialto-AMD/notebooks/3_5_Color_detect_example.ipynb to ingest queue
2025-07-18 12:46:01,445 - Knowledge - INFO - process ingested knowledge for /app/data/b2c/122842/b0265zy/Rialto-AMD/notebooks/5_1_pytorch_onnx_inference.ipynb
2025-07-18 12:46:01,979 - Knowledge - INFO - process ingested knowledge for /app/data/b2c/122842/b0265zy/Rialto-AMD/notebooks/onnx/vaip_config.json
2025-07-18 12:46:02,070 - Knowledge - INFO - adding /app/data/b2c/122842/b0265zy/Rialto-AMD/notebooks/5_2_pytorch_onnx_re-train.ipynb to ingest queue
2025-07-18 12:46:02,497 - Knowledge - INFO - adding /app/data/b2c/122842/b0265zy/Rialto-AMD/notebooks/4_4_threshold_kernel_with_vector_ops.ipynb to ingest queue
2025-07-18 12:46:02,655 - Knowledge - INFO - Found code-base-name: https://github.com/Kavia-Admin/Rialto-AMD.git:main
2025-07-18 12:46:02,764 - Knowledge - INFO - Found code_base: <app.utils.kg_build.knowledge.KnowledgeCodeBase object at 0x7f32cffd1b90>
2025-07-18 12:46:02,658 - Knowledge - INFO - Found code-base-name: https://github.com/Kavia-Admin/Rialto-AMD.git:main
2025-07-18 12:46:02,919 - Knowledge - INFO - Found code_base: <app.utils.kg_build.knowledge.KnowledgeCodeBase object at 0x7f32cffd1b90>
2025-07-18 12:46:03,007 - Knowledge - INFO - persist ingested knowledge for /app/data/b2c/122842/b0265zy/Rialto-AMD/notebooks/4_2_write_your_kernel.ipynb
2025-07-18 12:46:02,849 - Knowledge - INFO - persist ingested knowledge for /app/data/b2c/122842/b0265zy/Rialto-AMD/notebooks/3_4_Edge_detect_example.ipynb
2025-07-18 12:46:02,658 - Knowledge - INFO - adding /app/data/b2c/122842/b0265zy/Rialto-AMD/notebooks/3_2_Ryzenai_capabilities.ipynb to ingest queue
2025-07-18 12:46:02,656 - Knowledge - INFO - worker kw11 pull /app/data/b2c/122842/b0265zy/Rialto-AMD/notebooks/4_1_software_framework.ipynb from ingest queue
2025-07-18 12:46:03,312 - Knowledge - INFO - Found code-base-name: https://github.com/Kavia-Admin/Rialto-AMD.git:main
2025-07-18 12:46:03,386 - Knowledge - INFO - adding /app/data/b2c/122842/b0265zy/Rialto-AMD/notebooks/4_7_using_the_memtile_in_your_applications.ipynb to ingest queue
2025-07-18 12:46:03,661 - Knowledge - INFO - Found code-base-name: https://github.com/Kavia-Admin/Rialto-AMD.git:main
2025-07-18 12:46:03,575 - Knowledge - INFO - Found code_base: <app.utils.kg_build.knowledge.KnowledgeCodeBase object at 0x7f32cffd1b90>
2025-07-18 12:46:03,663 - Knowledge - INFO - Found code-base-name: https://github.com/Kavia-Admin/Rialto-AMD.git:main
2025-07-18 12:46:03,928 - Knowledge - INFO - Found code_base: <app.utils.kg_build.knowledge.KnowledgeCodeBase object at 0x7f32cffd1b90>
2025-07-18 12:46:03,668 - Knowledge - INFO - worker kw13 pull /app/data/b2c/122842/b0265zy/Rialto-AMD/notebooks/4_6_build_application.ipynb from ingest queue
2025-07-18 12:46:03,669 - Knowledge - INFO - adding /app/data/b2c/122842/b0265zy/Rialto-AMD/notebooks/1_0_Introduction.ipynb to ingest queue
2025-07-18 12:46:03,740 - Knowledge - INFO - Found code_base: <app.utils.kg_build.knowledge.KnowledgeCodeBase object at 0x7f32cffd1b90>
2025-07-18 12:46:03,822 - Knowledge - INFO - persist ingested knowledge for /app/data/b2c/122842/b0265zy/Rialto-AMD/notebooks/3_3_Scaled_color_threshold_example.ipynb
2025-07-18 12:46:03,499 - Knowledge - INFO - process ingested knowledge for /app/data/b2c/122842/b0265zy/Rialto-AMD/notebooks/4_1_software_framework.ipynb
2025-07-18 12:46:04,004 - Knowledge - INFO - persist ingested knowledge for /app/data/b2c/122842/b0265zy/Rialto-AMD/notebooks/onnx/vaip_config.json
2025-07-18 12:46:04,169 - Knowledge - INFO - process ingested knowledge for /app/data/b2c/122842/b0265zy/Rialto-AMD/notebooks/4_6_build_application.ipynb
2025-07-18 12:46:04,215 - Knowledge - INFO - worker kw2 pull /app/data/b2c/122842/b0265zy/Rialto-AMD/README.md from ingest queue
2025-07-18 12:46:04,219 - Knowledge - INFO - adding /app/data/b2c/122842/b0265zy/Rialto-AMD/notebooks/4_3_kernels_with_runtime_parameters.ipynb to ingest queue
2025-07-18 12:46:04,327 - Knowledge - INFO - persist ingested knowledge for /app/data/b2c/122842/b0265zy/Rialto-AMD/notebooks/5_1_pytorch_onnx_inference.ipynb
2025-07-18 12:46:04,835 - Knowledge - INFO - process ingested knowledge for /app/data/b2c/122842/b0265zy/Rialto-AMD/README.md
2025-07-18 12:46:05,101 - Knowledge - INFO - adding /app/data/b2c/122842/b0265zy/Rialto-AMD/notebooks/3_4_Edge_detect_example.ipynb to ingest queue
2025-07-18 12:46:05,189 - Knowledge - INFO - worker kw4 pull /app/data/b2c/122842/b0265zy/Rialto-AMD/tests/test_multi_load_app.py from ingest queue
2025-07-18 12:46:05,190 - Knowledge - INFO - worker kw8 pull /app/data/b2c/122842/b0265zy/Rialto-AMD/tests/test_visualization.py from ingest queue
2025-07-18 12:46:05,191 - Knowledge - INFO - adding /app/data/b2c/122842/b0265zy/Rialto-AMD/notebooks/4_5_describe_an_application.ipynb to ingest queue
2025-07-18 12:46:05,350 - Knowledge - INFO - process ingested knowledge for /app/data/b2c/122842/b0265zy/Rialto-AMD/tests/test_multi_load_app.py
2025-07-18 12:46:05,423 - Knowledge - INFO - process ingested knowledge for /app/data/b2c/122842/b0265zy/Rialto-AMD/tests/test_visualization.py
2025-07-18 12:46:05,467 - Knowledge - INFO - worker kw15 pull /app/data/b2c/122842/b0265zy/Rialto-AMD/tests/test_memtile_float.py from ingest queue
2025-07-18 12:46:05,550 - Knowledge - INFO - Found code-base-name: https://github.com/Kavia-Admin/Rialto-AMD.git:main
2025-07-18 12:46:05,550 - Knowledge - INFO - worker kw12 pull /app/data/b2c/122842/b0265zy/Rialto-AMD/tests/test_ittiles.py from ingest queue
2025-07-18 12:46:05,643 - Knowledge - INFO - Found code-base-name: https://github.com/Kavia-Admin/Rialto-AMD.git:main
2025-07-18 12:46:05,643 - Knowledge - INFO - adding /app/data/b2c/122842/b0265zy/Rialto-AMD/notebooks/5_1_pytorch_onnx_inference.ipynb to ingest queue
2025-07-18 12:46:05,778 - Knowledge - INFO - process ingested knowledge for /app/data/b2c/122842/b0265zy/Rialto-AMD/tests/test_memtile_float.py
2025-07-18 12:46:05,825 - Knowledge - INFO - Found code_base: <app.utils.kg_build.knowledge.KnowledgeCodeBase object at 0x7f32cffd1b90>
2025-07-18 12:46:05,996 - Knowledge - INFO - process ingested knowledge for /app/data/b2c/122842/b0265zy/Rialto-AMD/tests/test_ittiles.py
2025-07-18 12:46:06,011 - Knowledge - INFO - Found code_base: <app.utils.kg_build.knowledge.KnowledgeCodeBase object at 0x7f32cffd1b90>
2025-07-18 12:46:06,113 - Knowledge - INFO - adding /app/data/b2c/122842/b0265zy/Rialto-AMD/notebooks/2_1_MS_Windows_Studio_Effects.ipynb to ingest queue
2025-07-18 12:46:06,319 - Knowledge - INFO - persist ingested knowledge for /app/data/b2c/122842/b0265zy/Rialto-AMD/notebooks/4_6_build_application.ipynb
2025-07-18 12:46:06,470 - Knowledge - INFO - persist ingested knowledge for /app/data/b2c/122842/b0265zy/Rialto-AMD/README.md
2025-07-18 12:46:06,575 - Knowledge - INFO - worker kw6 pull /app/data/b2c/122842/b0265zy/Rialto-AMD/tests/test_kernels_source_code.py from ingest queue
2025-07-18 12:46:06,676 - Knowledge - INFO - Found code-base-name: https://github.com/Kavia-Admin/Rialto-AMD.git:main
2025-07-18 12:46:06,676 - Knowledge - INFO - Found code-base-name: https://github.com/Kavia-Admin/Rialto-AMD.git:main
2025-07-18 12:46:06,676 - Knowledge - INFO - adding /app/data/b2c/122842/b0265zy/Rialto-AMD/notebooks/4_2_write_your_kernel.ipynb to ingest queue
2025-07-18 12:46:06,978 - Knowledge - INFO - process ingested knowledge for /app/data/b2c/122842/b0265zy/Rialto-AMD/tests/test_kernels_source_code.py
2025-07-18 12:46:07,000 - Knowledge - INFO - Found code_base: <app.utils.kg_build.knowledge.KnowledgeCodeBase object at 0x7f32cffd1b90>
2025-07-18 12:46:07,116 - Knowledge - INFO - Found code_base: <app.utils.kg_build.knowledge.KnowledgeCodeBase object at 0x7f32cffd1b90>
2025-07-18 12:46:07,240 - Knowledge - INFO - adding /app/data/b2c/122842/b0265zy/Rialto-AMD/notebooks/onnx/vaip_config.json to ingest queue
2025-07-18 12:46:07,458 - Knowledge - INFO - persist ingested knowledge for /app/data/b2c/122842/b0265zy/Rialto-AMD/notebooks/4_1_software_framework.ipynb
2025-07-18 12:46:07,547 - Knowledge - INFO - persist ingested knowledge for /app/data/b2c/122842/b0265zy/Rialto-AMD/tests/test_multi_load_app.py
2025-07-18 12:46:07,628 - Knowledge - INFO - Found code-base-name: https://github.com/Kavia-Admin/Rialto-AMD.git:main
2025-07-18 12:46:07,632 - Knowledge - INFO - worker kw1 pull /app/data/b2c/122842/b0265zy/Rialto-AMD/tests/test_kernel_fusion.py from ingest queue
2025-07-18 12:46:07,633 - Knowledge - INFO - Found code-base-name: https://github.com/Kavia-Admin/Rialto-AMD.git:main
2025-07-18 12:46:07,633 - Knowledge - INFO - Found code-base-name: https://github.com/Kavia-Admin/Rialto-AMD.git:main
2025-07-18 12:46:07,634 - Knowledge - INFO - worker kw7 pull /app/data/b2c/122842/b0265zy/Rialto-AMD/tests/test_aietiles.py from ingest queue
2025-07-18 12:46:07,634 - Knowledge - INFO - adding /app/data/b2c/122842/b0265zy/Rialto-AMD/notebooks/3_3_Scaled_color_threshold_example.ipynb to ingest queue
2025-07-18 12:46:07,915 - Knowledge - INFO - Found code_base: <app.utils.kg_build.knowledge.KnowledgeCodeBase object at 0x7f32cffd1b90>
2025-07-18 12:46:08,471 - Knowledge - INFO - persist ingested knowledge for /app/data/b2c/122842/b0265zy/Rialto-AMD/tests/test_visualization.py
2025-07-18 12:46:08,090 - Knowledge - INFO - Found code_base: <app.utils.kg_build.knowledge.KnowledgeCodeBase object at 0x7f32cffd1b90>
2025-07-18 12:46:08,166 - Knowledge - INFO - Found code_base: <app.utils.kg_build.knowledge.KnowledgeCodeBase object at 0x7f32cffd1b90>
2025-07-18 12:46:08,307 - Knowledge - INFO - process ingested knowledge for /app/data/b2c/122842/b0265zy/Rialto-AMD/tests/test_aietiles.py
2025-07-18 12:46:08,361 - Knowledge - INFO - worker kw3 pull /app/data/b2c/122842/b0265zy/Rialto-AMD/tests/test_paths.py from ingest queue
2025-07-18 12:46:08,084 - Knowledge - INFO - process ingested knowledge for /app/data/b2c/122842/b0265zy/Rialto-AMD/tests/test_kernel_fusion.py
2025-07-18 12:46:08,488 - Knowledge - INFO - Found code-base-name: https://github.com/Kavia-Admin/Rialto-AMD.git:main
2025-07-18 12:46:09,127 - Knowledge - INFO - Found code_base: <app.utils.kg_build.knowledge.KnowledgeCodeBase object at 0x7f32cffd1b90>
2025-07-18 12:46:08,490 - Knowledge - INFO - worker kw10 pull /app/data/b2c/122842/b0265zy/Rialto-AMD/tests/test_alldatatypes.py from ingest queue
2025-07-18 12:46:08,594 - Knowledge - INFO - worker kw5 pull /app/data/b2c/122842/b0265zy/Rialto-AMD/tests/test_videoapps.py from ingest queue
2025-07-18 12:46:08,655 - Knowledge - INFO - persist ingested knowledge for /app/data/b2c/122842/b0265zy/Rialto-AMD/tests/test_memtile_float.py
2025-07-18 12:46:08,660 - Knowledge - INFO - worker kw9 pull /app/data/b2c/122842/b0265zy/Rialto-AMD/tests/test_header_files.py from ingest queue
2025-07-18 12:46:08,735 - Knowledge - INFO - adding /app/data/b2c/122842/b0265zy/Rialto-AMD/README.md to ingest queue
2025-07-18 12:46:08,740 - Knowledge - INFO - persist ingested knowledge for /app/data/b2c/122842/b0265zy/Rialto-AMD/tests/test_ittiles.py
2025-07-18 12:46:08,991 - Knowledge - INFO - process ingested knowledge for /app/data/b2c/122842/b0265zy/Rialto-AMD/tests/test_paths.py
2025-07-18 12:46:08,490 - Knowledge - INFO - worker kw14 pull /app/data/b2c/122842/b0265zy/Rialto-AMD/tests/test_multibuffers.py from ingest queue
2025-07-18 12:46:09,226 - Knowledge - INFO - persist ingested knowledge for /app/data/b2c/122842/b0265zy/Rialto-AMD/tests/test_kernels_source_code.py
2025-07-18 12:46:09,377 - Knowledge - INFO - process ingested knowledge for /app/data/b2c/122842/b0265zy/Rialto-AMD/tests/test_alldatatypes.py
2025-07-18 12:46:09,518 - Knowledge - INFO - process ingested knowledge for /app/data/b2c/122842/b0265zy/Rialto-AMD/tests/test_videoapps.py
2025-07-18 12:46:09,713 - Knowledge - INFO - process ingested knowledge for /app/data/b2c/122842/b0265zy/Rialto-AMD/tests/test_header_files.py
2025-07-18 12:46:09,754 - Knowledge - INFO - adding /app/data/b2c/122842/b0265zy/Rialto-AMD/tests/test_multi_load_app.py to ingest queue
2025-07-18 12:46:10,152 - Knowledge - INFO - process ingested knowledge for /app/data/b2c/122842/b0265zy/Rialto-AMD/tests/test_multibuffers.py
2025-07-18 12:46:10,674 - Knowledge - INFO - adding /app/data/b2c/122842/b0265zy/Rialto-AMD/notebooks/4_6_build_application.ipynb to ingest queue
2025-07-18 12:46:10,769 - Knowledge - INFO - adding /app/data/b2c/122842/b0265zy/Rialto-AMD/tests/test_visualization.py to ingest queue
2025-07-18 12:46:10,848 - Knowledge - INFO - Found code-base-name: https://github.com/Kavia-Admin/Rialto-AMD.git:main
2025-07-18 12:46:10,939 - Knowledge - INFO - Found code_base: <app.utils.kg_build.knowledge.KnowledgeCodeBase object at 0x7f32cffd1b90>
2025-07-18 12:46:10,851 - Knowledge - INFO - Found code-base-name: https://github.com/Kavia-Admin/Rialto-AMD.git:main
2025-07-18 12:46:10,945 - Knowledge - INFO - worker kw2 pull /app/data/b2c/122842/b0265zy/Rialto-AMD/tests/test_kernels_build.py from ingest queue
2025-07-18 12:46:10,946 - Knowledge - INFO - Found code-base-name: https://github.com/Kavia-Admin/Rialto-AMD.git:main
2025-07-18 12:46:11,024 - Knowledge - INFO - persist ingested knowledge for /app/data/b2c/122842/b0265zy/Rialto-AMD/tests/test_aietiles.py
2025-07-18 12:46:11,043 - Knowledge - INFO - Found code-base-name: https://github.com/Kavia-Admin/Rialto-AMD.git:main
2025-07-18 12:46:11,044 - Knowledge - INFO - Found code-base-name: https://github.com/Kavia-Admin/Rialto-AMD.git:main
2025-07-18 12:46:11,044 - Knowledge - INFO - Found code-base-name: https://github.com/Kavia-Admin/Rialto-AMD.git:main
2025-07-18 12:46:11,045 - Knowledge - INFO - worker kw4 pull /app/data/b2c/122842/b0265zy/Rialto-AMD/tests/test_onnx.py from ingest queue
2025-07-18 12:46:11,045 - Knowledge - INFO - Found code-base-name: https://github.com/Kavia-Admin/Rialto-AMD.git:main
2025-07-18 12:46:11,853 - Knowledge - INFO - Found code_base: <app.utils.kg_build.knowledge.KnowledgeCodeBase object at 0x7f32cffd1b90>
2025-07-18 12:46:11,108 - Knowledge - INFO - Found code_base: <app.utils.kg_build.knowledge.KnowledgeCodeBase object at 0x7f32cffd1b90>
2025-07-18 12:46:11,124 - Knowledge - INFO - adding /app/data/b2c/122842/b0265zy/Rialto-AMD/tests/test_memtile_float.py to ingest queue
2025-07-18 12:46:12,162 - Knowledge - INFO - adding /app/data/b2c/122842/b0265zy/Rialto-AMD/tests/test_kernels_source_code.py to ingest queue
2025-07-18 12:46:11,323 - Knowledge - INFO - Found code_base: <app.utils.kg_build.knowledge.KnowledgeCodeBase object at 0x7f32cffd1b90>
2025-07-18 12:46:11,519 - Knowledge - INFO - Found code_base: <app.utils.kg_build.knowledge.KnowledgeCodeBase object at 0x7f32cffd1b90>
2025-07-18 12:46:11,607 - Knowledge - INFO - Found code_base: <app.utils.kg_build.knowledge.KnowledgeCodeBase object at 0x7f32cffd1b90>
2025-07-18 12:46:11,693 - Knowledge - INFO - Found code_base: <app.utils.kg_build.knowledge.KnowledgeCodeBase object at 0x7f32cffd1b90>
2025-07-18 12:46:11,825 - Knowledge - INFO - process ingested knowledge for /app/data/b2c/122842/b0265zy/Rialto-AMD/tests/test_onnx.py
2025-07-18 12:46:11,046 - Knowledge - INFO - worker kw13 pull /app/data/b2c/122842/b0265zy/Rialto-AMD/tests/test_broadcast.py from ingest queue
2025-07-18 12:46:11,962 - Knowledge - INFO - persist ingested knowledge for /app/data/b2c/122842/b0265zy/Rialto-AMD/tests/test_multibuffers.py
2025-07-18 12:46:12,054 - Knowledge - INFO - persist ingested knowledge for /app/data/b2c/122842/b0265zy/Rialto-AMD/tests/test_kernel_fusion.py
2025-07-18 12:46:11,306 - Knowledge - INFO - process ingested knowledge for /app/data/b2c/122842/b0265zy/Rialto-AMD/tests/test_kernels_build.py
2025-07-18 12:46:12,234 - Knowledge - INFO - worker kw6 pull /app/data/b2c/122842/b0265zy/Rialto-AMD/tests/test_singlekernel.py from ingest queue
2025-07-18 12:46:12,234 - Knowledge - INFO - worker kw8 pull /app/data/b2c/122842/b0265zy/Rialto-AMD/tests/test_multioutputs.py from ingest queue
2025-07-18 12:46:12,314 - Knowledge - INFO - persist ingested knowledge for /app/data/b2c/122842/b0265zy/Rialto-AMD/tests/test_paths.py
2025-07-18 12:46:12,332 - Knowledge - INFO - adding /app/data/b2c/122842/b0265zy/Rialto-AMD/notebooks/4_1_software_framework.ipynb to ingest queue
2025-07-18 12:46:12,386 - Knowledge - INFO - persist ingested knowledge for /app/data/b2c/122842/b0265zy/Rialto-AMD/tests/test_alldatatypes.py
2025-07-18 12:46:12,502 - Knowledge - INFO - persist ingested knowledge for /app/data/b2c/122842/b0265zy/Rialto-AMD/tests/test_videoapps.py
2025-07-18 12:46:12,626 - Knowledge - INFO - persist ingested knowledge for /app/data/b2c/122842/b0265zy/Rialto-AMD/tests/test_header_files.py
2025-07-18 12:46:12,889 - Knowledge - INFO - process ingested knowledge for /app/data/b2c/122842/b0265zy/Rialto-AMD/tests/test_broadcast.py
2025-07-18 12:46:13,215 - Knowledge - INFO - process ingested knowledge for /app/data/b2c/122842/b0265zy/Rialto-AMD/tests/test_singlekernel.py
2025-07-18 12:46:13,353 - Knowledge - INFO - process ingested knowledge for /app/data/b2c/122842/b0265zy/Rialto-AMD/tests/test_multioutputs.py
2025-07-18 12:46:13,443 - Knowledge - INFO - worker kw15 pull /app/data/b2c/122842/b0265zy/Rialto-AMD/tests/test_applications.py from ingest queue
2025-07-18 12:46:13,444 - Knowledge - INFO - adding /app/data/b2c/122842/b0265zy/Rialto-AMD/tests/test_aietiles.py to ingest queue
2025-07-18 12:46:14,112 - Knowledge - INFO - process ingested knowledge for /app/data/b2c/122842/b0265zy/Rialto-AMD/tests/test_applications.py
2025-07-18 12:46:14,150 - Knowledge - INFO - Found code-base-name: https://github.com/Kavia-Admin/Rialto-AMD.git:main
2025-07-18 12:46:14,229 - Knowledge - INFO - Found code-base-name: https://github.com/Kavia-Admin/Rialto-AMD.git:main
2025-07-18 12:46:14,298 - Knowledge - INFO - adding /app/data/b2c/122842/b0265zy/Rialto-AMD/tests/test_ittiles.py to ingest queue
2025-07-18 12:46:14,341 - Knowledge - INFO - Found code_base: <app.utils.kg_build.knowledge.KnowledgeCodeBase object at 0x7f32cffd1b90>
2025-07-18 12:46:14,604 - Knowledge - INFO - persist ingested knowledge for /app/data/b2c/122842/b0265zy/Rialto-AMD/tests/test_onnx.py
2025-07-18 12:46:14,532 - Knowledge - INFO - worker kw11 pull /app/data/b2c/122842/b0265zy/Rialto-AMD/tests/test_shapechange.py from ingest queue
2025-07-18 12:46:14,454 - Knowledge - INFO - Found code_base: <app.utils.kg_build.knowledge.KnowledgeCodeBase object at 0x7f32cffd1b90>
2025-07-18 12:46:14,700 - Knowledge - INFO - adding /app/data/b2c/122842/b0265zy/Rialto-AMD/tests/test_header_files.py to ingest queue
2025-07-18 12:46:14,826 - Knowledge - INFO - process ingested knowledge for /app/data/b2c/122842/b0265zy/Rialto-AMD/tests/test_shapechange.py
2025-07-18 12:46:14,849 - Knowledge - INFO - persist ingested knowledge for /app/data/b2c/122842/b0265zy/Rialto-AMD/tests/test_kernels_build.py
2025-07-18 12:46:14,956 - Knowledge - INFO - Found code-base-name: https://github.com/Kavia-Admin/Rialto-AMD.git:main
2025-07-18 12:46:14,956 - Knowledge - INFO - Found code-base-name: https://github.com/Kavia-Admin/Rialto-AMD.git:main
2025-07-18 12:46:15,333 - Knowledge - INFO - Found code_base: <app.utils.kg_build.knowledge.KnowledgeCodeBase object at 0x7f32cffd1b90>
2025-07-18 12:46:15,234 - Knowledge - INFO - Found code_base: <app.utils.kg_build.knowledge.KnowledgeCodeBase object at 0x7f32cffd1b90>
2025-07-18 12:46:15,071 - Knowledge - INFO - adding /app/data/b2c/122842/b0265zy/Rialto-AMD/tests/test_kernel_fusion.py to ingest queue
2025-07-18 12:46:15,431 - Knowledge - INFO - persist ingested knowledge for /app/data/b2c/122842/b0265zy/Rialto-AMD/tests/test_multioutputs.py
2025-07-18 12:46:15,518 - Knowledge - INFO - persist ingested knowledge for /app/data/b2c/122842/b0265zy/Rialto-AMD/tests/test_singlekernel.py
2025-07-18 12:46:15,600 - Knowledge - INFO - adding /app/data/b2c/122842/b0265zy/Rialto-AMD/tests/test_multibuffers.py to ingest queue
2025-07-18 12:46:15,854 - Knowledge - INFO - Found code-base-name: https://github.com/Kavia-Admin/Rialto-AMD.git:main
2025-07-18 12:46:15,973 - Knowledge - INFO - Found code_base: <app.utils.kg_build.knowledge.KnowledgeCodeBase object at 0x7f32cffd1b90>
2025-07-18 12:46:16,052 - Knowledge - INFO - persist ingested knowledge for /app/data/b2c/122842/b0265zy/Rialto-AMD/tests/test_applications.py
2025-07-18 12:46:15,856 - Knowledge - INFO - adding /app/data/b2c/122842/b0265zy/Rialto-AMD/tests/test_paths.py to ingest queue
2025-07-18 12:46:16,302 - Knowledge - INFO - worker kw12 pull /app/data/b2c/122842/b0265zy/Rialto-AMD/tests/test_linkop.py from ingest queue
2025-07-18 12:46:16,373 - Knowledge - INFO - Found code-base-name: https://github.com/Kavia-Admin/Rialto-AMD.git:main
2025-07-18 12:46:16,495 - Knowledge - INFO - Found code_base: <app.utils.kg_build.knowledge.KnowledgeCodeBase object at 0x7f32cffd1b90>
2025-07-18 12:46:16,562 - Knowledge - INFO - persist ingested knowledge for /app/data/b2c/122842/b0265zy/Rialto-AMD/tests/test_broadcast.py
2025-07-18 12:46:16,447 - Knowledge - INFO - adding /app/data/b2c/122842/b0265zy/Rialto-AMD/tests/test_kernels_build.py to ingest queue
2025-07-18 12:46:16,463 - Knowledge - INFO - process ingested knowledge for /app/data/b2c/122842/b0265zy/Rialto-AMD/tests/test_linkop.py
2025-07-18 12:46:16,373 - Knowledge - INFO - worker kw9 pull /app/data/b2c/122842/b0265zy/Rialto-AMD/tests/test_memtile.py from ingest queue
2025-07-18 12:46:16,374 - Knowledge - INFO - worker kw7 pull /app/data/b2c/122842/b0265zy/Rialto-AMD/tests/test_viz_multibuffer.py from ingest queue
2025-07-18 12:46:16,883 - Knowledge - INFO - worker kw14 pull /app/data/b2c/122842/b0265zy/Rialto-AMD/tests/test_address_32bit_issue.py from ingest queue
2025-07-18 12:46:16,968 - Knowledge - INFO - adding /app/data/b2c/122842/b0265zy/Rialto-AMD/tests/test_videoapps.py to ingest queue
2025-07-18 12:46:16,993 - Knowledge - INFO - process ingested knowledge for /app/data/b2c/122842/b0265zy/Rialto-AMD/tests/test_memtile.py
2025-07-18 12:46:17,017 - Knowledge - INFO - process ingested knowledge for /app/data/b2c/122842/b0265zy/Rialto-AMD/tests/test_viz_multibuffer.py
2025-07-18 12:46:17,111 - Knowledge - INFO - process ingested knowledge for /app/data/b2c/122842/b0265zy/Rialto-AMD/tests/test_address_32bit_issue.py
2025-07-18 12:46:17,162 - Knowledge - INFO - adding /app/data/b2c/122842/b0265zy/Rialto-AMD/tests/test_alldatatypes.py to ingest queue
2025-07-18 12:46:17,502 - Knowledge - INFO - adding /app/data/b2c/122842/b0265zy/Rialto-AMD/tests/test_onnx.py to ingest queue
2025-07-18 12:46:17,614 - Knowledge - INFO - worker kw1 pull /app/data/b2c/122842/b0265zy/Rialto-AMD/tests/__init__.py from ingest queue
2025-07-18 12:46:17,620 - Knowledge - INFO - worker kw2 pull /app/data/b2c/122842/b0265zy/Rialto-AMD/tests/test_asm.py from ingest queue
2025-07-18 12:46:17,622 - Knowledge - INFO - Found code-base-name: https://github.com/Kavia-Admin/Rialto-AMD.git:main
2025-07-18 12:46:17,623 - Knowledge - INFO - worker kw3 pull /app/data/b2c/122842/b0265zy/Rialto-AMD/tests/test_callgraphs.py from ingest queue
2025-07-18 12:46:17,623 - Knowledge - INFO - adding /app/data/b2c/122842/b0265zy/Rialto-AMD/tests/test_singlekernel.py to ingest queue
2025-07-18 12:46:17,785 - Knowledge - INFO - process ingested knowledge for /app/data/b2c/122842/b0265zy/Rialto-AMD/tests/__init__.py
2025-07-18 12:46:17,848 - Knowledge - INFO - process ingested knowledge for /app/data/b2c/122842/b0265zy/Rialto-AMD/tests/test_asm.py
2025-07-18 12:46:17,905 - Knowledge - INFO - Found code_base: <app.utils.kg_build.knowledge.KnowledgeCodeBase object at 0x7f32cffd1b90>
2025-07-18 12:46:18,026 - Knowledge - INFO - process ingested knowledge for /app/data/b2c/122842/b0265zy/Rialto-AMD/tests/test_callgraphs.py
2025-07-18 12:46:18,062 - Knowledge - INFO - worker kw5 pull /app/data/b2c/122842/b0265zy/Rialto-AMD/tests/test_endtoend.py from ingest queue
2025-07-18 12:46:18,062 - Knowledge - INFO - Found code-base-name: https://github.com/Kavia-Admin/Rialto-AMD.git:main
2025-07-18 12:46:18,062 - Knowledge - INFO - Found code-base-name: https://github.com/Kavia-Admin/Rialto-AMD.git:main
2025-07-18 12:46:18,069 - Knowledge - INFO - Found code-base-name: https://github.com/Kavia-Admin/Rialto-AMD.git:main
2025-07-18 12:46:18,070 - Knowledge - INFO - worker kw10 pull /app/data/b2c/122842/b0265zy/Rialto-AMD/tests/test_slicing.py from ingest queue
2025-07-18 12:46:18,141 - Knowledge - INFO - worker kw4 pull /app/data/b2c/122842/b0265zy/Rialto-AMD/tests/test_visionapp.py from ingest queue
2025-07-18 12:46:18,142 - Knowledge - INFO - adding /app/data/b2c/122842/b0265zy/Rialto-AMD/tests/test_applications.py to ingest queue
2025-07-18 12:46:18,352 - Knowledge - INFO - persist ingested knowledge for /app/data/b2c/122842/b0265zy/Rialto-AMD/tests/test_linkop.py
2025-07-18 12:46:18,631 - Knowledge - INFO - process ingested knowledge for /app/data/b2c/122842/b0265zy/Rialto-AMD/tests/test_endtoend.py
2025-07-18 12:46:18,692 - Knowledge - INFO - Found code_base: <app.utils.kg_build.knowledge.KnowledgeCodeBase object at 0x7f32cffd1b90>
2025-07-18 12:46:18,756 - Knowledge - INFO - Found code_base: <app.utils.kg_build.knowledge.KnowledgeCodeBase object at 0x7f32cffd1b90>
2025-07-18 12:46:20,240 - Knowledge - INFO - persist ingested knowledge for /app/data/b2c/122842/b0265zy/Rialto-AMD/tests/test_address_32bit_issue.py
2025-07-18 12:46:19,001 - Knowledge - INFO - process ingested knowledge for /app/data/b2c/122842/b0265zy/Rialto-AMD/tests/test_slicing.py
2025-07-18 12:46:19,103 - Knowledge - INFO - Found code-base-name: https://github.com/Kavia-Admin/Rialto-AMD.git:main
2025-07-18 12:46:19,103 - Knowledge - INFO - worker kw6 pull /app/data/b2c/122842/b0265zy/Rialto-AMD/tests/test_imgread.py from ingest queue
2025-07-18 12:46:19,104 - Knowledge - INFO - adding /app/data/b2c/122842/b0265zy/Rialto-AMD/tests/test_multioutputs.py to ingest queue
2025-07-18 12:46:19,104 - Knowledge - INFO - process ingested knowledge for /app/data/b2c/122842/b0265zy/Rialto-AMD/tests/test_visionapp.py
2025-07-18 12:46:20,150 - Knowledge - INFO - persist ingested knowledge for /app/data/b2c/122842/b0265zy/Rialto-AMD/tests/test_memtile.py
2025-07-18 12:46:18,827 - Knowledge - INFO - Found code_base: <app.utils.kg_build.knowledge.KnowledgeCodeBase object at 0x7f32cffd1b90>
2025-07-18 12:46:20,504 - Knowledge - INFO - Found code_base: <app.utils.kg_build.knowledge.KnowledgeCodeBase object at 0x7f32cffd1b90>
2025-07-18 12:46:20,651 - Knowledge - INFO - process ingested knowledge for /app/data/b2c/122842/b0265zy/Rialto-AMD/tests/test_imgread.py
2025-07-18 12:46:20,688 - Knowledge - INFO - Found code-base-name: https://github.com/Kavia-Admin/Rialto-AMD.git:main
2025-07-18 12:46:20,689 - Knowledge - INFO - worker kw8 pull /app/data/b2c/122842/b0265zy/Rialto-AMD/tests/test_externc.py from ingest queue
2025-07-18 12:46:20,691 - Knowledge - INFO - Found code-base-name: https://github.com/Kavia-Admin/Rialto-AMD.git:main
2025-07-18 12:46:20,692 - Knowledge - INFO - worker kw15 pull /app/data/b2c/122842/b0265zy/Rialto-AMD/npu/magic.py from ingest queue
2025-07-18 12:46:20,911 - Knowledge - INFO - Found code-base-name: https://github.com/Kavia-Admin/Rialto-AMD.git:main
2025-07-18 12:46:21,599 - Knowledge - INFO - Found code_base: <app.utils.kg_build.knowledge.KnowledgeCodeBase object at 0x7f32cffd1b90>
2025-07-18 12:46:21,697 - Knowledge - INFO - persist ingested knowledge for /app/data/b2c/122842/b0265zy/Rialto-AMD/tests/test_slicing.py
2025-07-18 12:46:21,049 - Knowledge - INFO - persist ingested knowledge for /app/data/b2c/122842/b0265zy/Rialto-AMD/tests/test_viz_multibuffer.py
2025-07-18 12:46:21,222 - Knowledge - INFO - Found code_base: <app.utils.kg_build.knowledge.KnowledgeCodeBase object at 0x7f32cffd1b90>
2025-07-18 12:46:21,366 - Knowledge - INFO - process ingested knowledge for /app/data/b2c/122842/b0265zy/Rialto-AMD/tests/test_externc.py
2025-07-18 12:46:21,401 - Knowledge - INFO - Found code_base: <app.utils.kg_build.knowledge.KnowledgeCodeBase object at 0x7f32cffd1b90>
2025-07-18 12:46:21,560 - Knowledge - INFO - process ingested knowledge for /app/data/b2c/122842/b0265zy/Rialto-AMD/npu/magic.py
2025-07-18 12:46:20,911 - Knowledge - INFO - adding /app/data/b2c/122842/b0265zy/Rialto-AMD/tests/test_address_32bit_issue.py to ingest queue
2025-07-18 12:46:20,974 - Knowledge - INFO - persist ingested knowledge for /app/data/b2c/122842/b0265zy/Rialto-AMD/tests/test_shapechange.py
2025-07-18 12:46:21,994 - Knowledge - INFO - persist ingested knowledge for /app/data/b2c/122842/b0265zy/Rialto-AMD/tests/__init__.py
2025-07-18 12:46:22,178 - Knowledge - INFO - persist ingested knowledge for /app/data/b2c/122842/b0265zy/Rialto-AMD/tests/test_callgraphs.py
2025-07-18 12:46:22,355 - Knowledge - INFO - Found code-base-name: https://github.com/Kavia-Admin/Rialto-AMD.git:main
2025-07-18 12:46:22,356 - Knowledge - INFO - Found code-base-name: https://github.com/Kavia-Admin/Rialto-AMD.git:main
2025-07-18 12:46:22,357 - Knowledge - INFO - adding /app/data/b2c/122842/b0265zy/Rialto-AMD/tests/test_linkop.py to ingest queue
2025-07-18 12:46:24,017 - Knowledge - INFO - Found code-base-name: https://github.com/Kavia-Admin/Rialto-AMD.git:main
2025-07-18 12:46:23,939 - Knowledge - INFO - Found code_base: <app.utils.kg_build.knowledge.KnowledgeCodeBase object at 0x7f32cffd1b90>
2025-07-18 12:46:24,195 - Knowledge - INFO - persist ingested knowledge for /app/data/b2c/122842/b0265zy/Rialto-AMD/tests/test_endtoend.py
2025-07-18 12:46:24,111 - Knowledge - INFO - adding /app/data/b2c/122842/b0265zy/Rialto-AMD/tests/test_memtile.py to ingest queue
2025-07-18 12:46:24,121 - Knowledge - INFO - Found code_base: <app.utils.kg_build.knowledge.KnowledgeCodeBase object at 0x7f32cffd1b90>
2025-07-18 12:46:23,845 - Knowledge - INFO - Found code_base: <app.utils.kg_build.knowledge.KnowledgeCodeBase object at 0x7f32cffd1b90>
2025-07-18 12:46:24,366 - Knowledge - INFO - Found code-base-name: https://github.com/Kavia-Admin/Rialto-AMD.git:main
2025-07-18 12:46:24,437 - Knowledge - INFO - persist ingested knowledge for /app/data/b2c/122842/b0265zy/Rialto-AMD/tests/test_visionapp.py
2025-07-18 12:46:24,465 - Knowledge - INFO - adding /app/data/b2c/122842/b0265zy/Rialto-AMD/tests/test_slicing.py to ingest queue
2025-07-18 12:46:24,548 - Knowledge - INFO - persist ingested knowledge for /app/data/b2c/122842/b0265zy/Rialto-AMD/tests/test_asm.py
2025-07-18 12:46:24,655 - Knowledge - INFO - Found code_base: <app.utils.kg_build.knowledge.KnowledgeCodeBase object at 0x7f32cffd1b90>
2025-07-18 12:46:24,830 - Knowledge - INFO - Found code-base-name: https://github.com/Kavia-Admin/Rialto-AMD.git:main
2025-07-18 12:46:24,830 - Knowledge - INFO - worker kw14 pull /app/data/b2c/122842/b0265zy/Rialto-AMD/npu/runtime/sequence.py from ingest queue
2025-07-18 12:46:24,829 - Knowledge - INFO - Found code-base-name: https://github.com/Kavia-Admin/Rialto-AMD.git:main
2025-07-18 12:46:25,009 - Knowledge - INFO - worker kw12 pull /app/data/b2c/122842/b0265zy/Rialto-AMD/npu/runtime/apprunner.py from ingest queue
2025-07-18 12:46:25,022 - Knowledge - INFO - persist ingested knowledge for /app/data/b2c/122842/b0265zy/Rialto-AMD/tests/test_imgread.py
2025-07-18 12:46:25,091 - Knowledge - INFO - worker kw9 pull /app/data/b2c/122842/b0265zy/Rialto-AMD/npu/runtime/kernelinstance.py from ingest queue
2025-07-18 12:46:25,100 - Knowledge - INFO - Found code_base: <app.utils.kg_build.knowledge.KnowledgeCodeBase object at 0x7f32cffd1b90>
2025-07-18 12:46:25,166 - Knowledge - INFO - adding /app/data/b2c/122842/b0265zy/Rialto-AMD/tests/test_viz_multibuffer.py to ingest queue
2025-07-18 12:46:25,222 - Knowledge - INFO - process ingested knowledge for /app/data/b2c/122842/b0265zy/Rialto-AMD/npu/runtime/sequence.py
2025-07-18 12:46:25,249 - Knowledge - INFO - Found code_base: <app.utils.kg_build.knowledge.KnowledgeCodeBase object at 0x7f32cffd1b90>
2025-07-18 12:46:25,885 - Knowledge - INFO - persist ingested knowledge for /app/data/b2c/122842/b0265zy/Rialto-AMD/tests/test_externc.py
2025-07-18 12:46:25,559 - Knowledge - INFO - process ingested knowledge for /app/data/b2c/122842/b0265zy/Rialto-AMD/npu/runtime/kernelinstance.py
2025-07-18 12:46:25,598 - Knowledge - INFO - persist ingested knowledge for /app/data/b2c/122842/b0265zy/Rialto-AMD/npu/magic.py
2025-07-18 12:46:25,758 - Knowledge - INFO - adding /app/data/b2c/122842/b0265zy/Rialto-AMD/tests/test_shapechange.py to ingest queue
2025-07-18 12:46:25,369 - Knowledge - INFO - process ingested knowledge for /app/data/b2c/122842/b0265zy/Rialto-AMD/npu/runtime/apprunner.py
2025-07-18 12:46:26,279 - Knowledge - INFO - adding /app/data/b2c/122842/b0265zy/Rialto-AMD/tests/test_callgraphs.py to ingest queue
2025-07-18 12:46:26,406 - Knowledge - INFO - adding /app/data/b2c/122842/b0265zy/Rialto-AMD/tests/test_broadcast.py to ingest queue
2025-07-18 12:46:26,571 - Knowledge - INFO - adding /app/data/b2c/122842/b0265zy/Rialto-AMD/tests/test_endtoend.py to ingest queue
2025-07-18 12:46:26,656 - Knowledge - INFO - worker kw10 pull /app/data/b2c/122842/b0265zy/Rialto-AMD/npu/runtime/aie_host_utils.py from ingest queue
2025-07-18 12:46:26,734 - Knowledge - INFO - adding /app/data/b2c/122842/b0265zy/Rialto-AMD/tests/__init__.py to ingest queue
2025-07-18 12:46:26,766 - Knowledge - INFO - process ingested knowledge for /app/data/b2c/122842/b0265zy/Rialto-AMD/npu/runtime/aie_host_utils.py
2025-07-18 12:46:26,834 - Knowledge - INFO - Found code-base-name: https://github.com/Kavia-Admin/Rialto-AMD.git:main
2025-07-18 12:46:27,019 - Knowledge - INFO - Found code_base: <app.utils.kg_build.knowledge.KnowledgeCodeBase object at 0x7f32cffd1b90>
2025-07-18 12:46:27,128 - Knowledge - INFO - persist ingested knowledge for /app/data/b2c/122842/b0265zy/Rialto-AMD/npu/runtime/sequence.py
2025-07-18 12:46:26,908 - Knowledge - INFO - adding /app/data/b2c/122842/b0265zy/Rialto-AMD/tests/test_externc.py to ingest queue
2025-07-18 12:46:27,386 - Knowledge - INFO - worker kw11 pull /app/data/b2c/122842/b0265zy/Rialto-AMD/npu/runtime/__init__.py from ingest queue
2025-07-18 12:46:27,387 - Knowledge - INFO - adding /app/data/b2c/122842/b0265zy/Rialto-AMD/tests/test_asm.py to ingest queue
2025-07-18 12:46:27,549 - Knowledge - INFO - process ingested knowledge for /app/data/b2c/122842/b0265zy/Rialto-AMD/npu/runtime/__init__.py
2025-07-18 12:46:27,580 - Knowledge - INFO - worker kw3 pull /app/data/b2c/122842/b0265zy/Rialto-AMD/npu/utils/display_widget.py from ingest queue
2025-07-18 12:46:27,581 - Knowledge - INFO - adding /app/data/b2c/122842/b0265zy/Rialto-AMD/tests/test_visionapp.py to ingest queue
2025-07-18 12:46:27,809 - Knowledge - INFO - process ingested knowledge for /app/data/b2c/122842/b0265zy/Rialto-AMD/npu/utils/display_widget.py
2025-07-18 12:46:27,829 - Knowledge - INFO - worker kw7 pull /app/data/b2c/122842/b0265zy/Rialto-AMD/npu/utils/imgread.py from ingest queue
2025-07-18 12:46:27,830 - Knowledge - INFO - worker kw5 pull /app/data/b2c/122842/b0265zy/Rialto-AMD/npu/utils/svg_config.py from ingest queue
2025-07-18 12:46:27,831 - Knowledge - INFO - Found code-base-name: https://github.com/Kavia-Admin/Rialto-AMD.git:main
2025-07-18 12:46:27,831 - Knowledge - INFO - Found code-base-name: https://github.com/Kavia-Admin/Rialto-AMD.git:main
2025-07-18 12:46:27,911 - Knowledge - INFO - adding /app/data/b2c/122842/b0265zy/Rialto-AMD/npu/runtime/sequence.py to ingest queue
2025-07-18 12:46:28,083 - Knowledge - INFO - process ingested knowledge for /app/data/b2c/122842/b0265zy/Rialto-AMD/npu/utils/imgread.py
2025-07-18 12:46:28,170 - Knowledge - INFO - process ingested knowledge for /app/data/b2c/122842/b0265zy/Rialto-AMD/npu/utils/svg_config.py
2025-07-18 12:46:28,216 - Knowledge - INFO - Found code_base: <app.utils.kg_build.knowledge.KnowledgeCodeBase object at 0x7f32cffd1b90>
2025-07-18 12:46:28,305 - Knowledge - INFO - Found code_base: <app.utils.kg_build.knowledge.KnowledgeCodeBase object at 0x7f32cffd1b90>
2025-07-18 12:46:28,383 - Knowledge - INFO - Found code-base-name: https://github.com/Kavia-Admin/Rialto-AMD.git:main
2025-07-18 12:46:28,383 - Knowledge - INFO - adding /app/data/b2c/122842/b0265zy/Rialto-AMD/npu/magic.py to ingest queue
2025-07-18 12:46:28,629 - Knowledge - INFO - persist ingested knowledge for /app/data/b2c/122842/b0265zy/Rialto-AMD/npu/runtime/kernelinstance.py
2025-07-18 12:46:28,709 - Knowledge - INFO - persist ingested knowledge for /app/data/b2c/122842/b0265zy/Rialto-AMD/npu/runtime/aie_host_utils.py
2025-07-18 12:46:28,824 - Knowledge - INFO - Found code_base: <app.utils.kg_build.knowledge.KnowledgeCodeBase object at 0x7f32cffd1b90>
2025-07-18 12:46:28,907 - Knowledge - INFO - worker kw15 pull /app/data/b2c/122842/b0265zy/Rialto-AMD/npu/utils/videoapps.py from ingest queue
2025-07-18 12:46:28,907 - Knowledge - INFO - worker kw2 pull /app/data/b2c/122842/b0265zy/Rialto-AMD/npu/utils/aiekernels.py from ingest queue
2025-07-18 12:46:28,908 - Knowledge - INFO - worker kw13 pull /app/data/b2c/122842/b0265zy/Rialto-AMD/npu/utils/test_device.py from ingest queue
2025-07-18 12:46:28,908 - Knowledge - INFO - worker kw8 pull /app/data/b2c/122842/b0265zy/Rialto-AMD/npu/utils/appviz.py from ingest queue
2025-07-18 12:46:28,908 - Knowledge - INFO - Found code-base-name: https://github.com/Kavia-Admin/Rialto-AMD.git:main
2025-07-18 12:46:28,908 - Knowledge - INFO - Found code-base-name: https://github.com/Kavia-Admin/Rialto-AMD.git:main
2025-07-18 12:46:29,711 - Knowledge - INFO - Found code_base: <app.utils.kg_build.knowledge.KnowledgeCodeBase object at 0x7f32cffd1b90>
2025-07-18 12:46:28,908 - Knowledge - INFO - Found code-base-name: https://github.com/Kavia-Admin/Rialto-AMD.git:main
2025-07-18 12:46:29,927 - Knowledge - INFO - Found code_base: <app.utils.kg_build.knowledge.KnowledgeCodeBase object at 0x7f32cffd1b90>
2025-07-18 12:46:28,909 - Knowledge - INFO - worker kw1 pull /app/data/b2c/122842/b0265zy/Rialto-AMD/npu/utils/imgplot.py from ingest queue
2025-07-18 12:46:28,909 - Knowledge - INFO - worker kw14 pull /app/data/b2c/122842/b0265zy/Rialto-AMD/npu/utils/__init__.py from ingest queue
2025-07-18 12:46:28,909 - Knowledge - INFO - adding /app/data/b2c/122842/b0265zy/Rialto-AMD/tests/test_imgread.py to ingest queue
2025-07-18 12:46:29,166 - Knowledge - INFO - persist ingested knowledge for /app/data/b2c/122842/b0265zy/Rialto-AMD/npu/runtime/apprunner.py
2025-07-18 12:46:29,311 - Knowledge - INFO - process ingested knowledge for /app/data/b2c/122842/b0265zy/Rialto-AMD/npu/utils/videoapps.py
2025-07-18 12:46:29,459 - Knowledge - INFO - process ingested knowledge for /app/data/b2c/122842/b0265zy/Rialto-AMD/npu/utils/aiekernels.py
2025-07-18 12:46:29,533 - Knowledge - INFO - process ingested knowledge for /app/data/b2c/122842/b0265zy/Rialto-AMD/npu/utils/test_device.py
2025-07-18 12:46:29,585 - Knowledge - INFO - process ingested knowledge for /app/data/b2c/122842/b0265zy/Rialto-AMD/npu/utils/appviz.py
2025-07-18 12:46:29,634 - Knowledge - INFO - Found code_base: <app.utils.kg_build.knowledge.KnowledgeCodeBase object at 0x7f32cffd1b90>
2025-07-18 12:46:28,908 - Knowledge - INFO - Found code-base-name: https://github.com/Kavia-Admin/Rialto-AMD.git:main
2025-07-18 12:46:29,827 - Knowledge - INFO - persist ingested knowledge for /app/data/b2c/122842/b0265zy/Rialto-AMD/npu/utils/imgread.py
2025-07-18 12:46:28,909 - Knowledge - INFO - worker kw4 pull /app/data/b2c/122842/b0265zy/Rialto-AMD/npu/utils/nputop.py from ingest queue
2025-07-18 12:46:30,009 - Knowledge - INFO - persist ingested knowledge for /app/data/b2c/122842/b0265zy/Rialto-AMD/npu/runtime/__init__.py
2025-07-18 12:46:30,166 - Knowledge - INFO - process ingested knowledge for /app/data/b2c/122842/b0265zy/Rialto-AMD/npu/utils/imgplot.py
2025-07-18 12:46:30,243 - Knowledge - INFO - process ingested knowledge for /app/data/b2c/122842/b0265zy/Rialto-AMD/npu/utils/__init__.py
2025-07-18 12:46:30,512 - Knowledge - INFO - worker kw6 pull /app/data/b2c/122842/b0265zy/Rialto-AMD/npu/utils/svg.py from ingest queue
2025-07-18 12:46:30,600 - Knowledge - INFO - Found code-base-name: https://github.com/Kavia-Admin/Rialto-AMD.git:main
2025-07-18 12:46:30,600 - Knowledge - INFO - adding /app/data/b2c/122842/b0265zy/Rialto-AMD/npu/runtime/aie_host_utils.py to ingest queue
2025-07-18 12:46:30,865 - Knowledge - INFO - persist ingested knowledge for /app/data/b2c/122842/b0265zy/Rialto-AMD/npu/utils/display_widget.py
2025-07-18 12:46:30,942 - Knowledge - INFO - Found code_base: <app.utils.kg_build.knowledge.KnowledgeCodeBase object at 0x7f32cffd1b90>
2025-07-18 12:46:31,258 - Knowledge - INFO - process ingested knowledge for /app/data/b2c/122842/b0265zy/Rialto-AMD/npu/utils/nputop.py
2025-07-18 12:46:31,579 - Knowledge - INFO - process ingested knowledge for /app/data/b2c/122842/b0265zy/Rialto-AMD/npu/utils/svg.py
2025-07-18 12:46:31,614 - Knowledge - INFO - Found code_base: <app.utils.kg_build.knowledge.KnowledgeCodeBase object at 0x7f32cffd1b90>
2025-07-18 12:46:31,722 - Knowledge - INFO - adding /app/data/b2c/122842/b0265zy/Rialto-AMD/npu/runtime/kernelinstance.py to ingest queue
2025-07-18 12:46:31,948 - Knowledge - INFO - persist ingested knowledge for /app/data/b2c/122842/b0265zy/Rialto-AMD/npu/utils/svg_config.py
2025-07-18 12:46:32,818 - Knowledge - INFO - persist ingested knowledge for /app/data/b2c/122842/b0265zy/Rialto-AMD/npu/utils/videoapps.py
2025-07-18 12:46:32,905 - Knowledge - INFO - Found code-base-name: https://github.com/Kavia-Admin/Rialto-AMD.git:main
2025-07-18 12:46:32,905 - Knowledge - INFO - adding /app/data/b2c/122842/b0265zy/Rialto-AMD/npu/runtime/apprunner.py to ingest queue
2025-07-18 12:46:33,161 - Knowledge - INFO - Found code_base: <app.utils.kg_build.knowledge.KnowledgeCodeBase object at 0x7f32cffd1b90>
2025-07-18 12:46:33,252 - Knowledge - INFO - Found code-base-name: https://github.com/Kavia-Admin/Rialto-AMD.git:main
2025-07-18 12:46:33,252 - Knowledge - INFO - Found code-base-name: https://github.com/Kavia-Admin/Rialto-AMD.git:main
2025-07-18 12:46:33,334 - Knowledge - INFO - persist ingested knowledge for /app/data/b2c/122842/b0265zy/Rialto-AMD/npu/utils/aiekernels.py
2025-07-18 12:46:33,423 - Knowledge - INFO - adding /app/data/b2c/122842/b0265zy/Rialto-AMD/npu/runtime/__init__.py to ingest queue
2025-07-18 12:46:33,435 - Knowledge - INFO - Found code_base: <app.utils.kg_build.knowledge.KnowledgeCodeBase object at 0x7f32cffd1b90>
2025-07-18 12:46:33,540 - Knowledge - INFO - Found code_base: <app.utils.kg_build.knowledge.KnowledgeCodeBase object at 0x7f32cffd1b90>
2025-07-18 12:46:33,703 - Knowledge - INFO - Found code-base-name: https://github.com/Kavia-Admin/Rialto-AMD.git:main
2025-07-18 12:46:33,704 - Knowledge - INFO - worker kw10 pull /app/data/b2c/122842/b0265zy/Rialto-AMD/npu/utils/xbutil.py from ingest queue
2025-07-18 12:46:33,782 - Knowledge - INFO - persist ingested knowledge for /app/data/b2c/122842/b0265zy/Rialto-AMD/npu/utils/test_device.py
2025-07-18 12:46:33,807 - Knowledge - INFO - Found code-base-name: https://github.com/Kavia-Admin/Rialto-AMD.git:main
2025-07-18 12:46:33,807 - Knowledge - INFO - worker kw9 pull /app/data/b2c/122842/b0265zy/Rialto-AMD/npu/repr_dict.py from ingest queue
2025-07-18 12:46:33,887 - Knowledge - INFO - persist ingested knowledge for /app/data/b2c/122842/b0265zy/Rialto-AMD/npu/utils/appviz.py
2025-07-18 12:46:33,895 - Knowledge - INFO - adding /app/data/b2c/122842/b0265zy/Rialto-AMD/npu/utils/imgread.py to ingest queue
2025-07-18 12:46:33,979 - Knowledge - INFO - Found code_base: <app.utils.kg_build.knowledge.KnowledgeCodeBase object at 0x7f32cffd1b90>
2025-07-18 12:46:34,108 - Knowledge - INFO - process ingested knowledge for /app/data/b2c/122842/b0265zy/Rialto-AMD/npu/utils/xbutil.py
2025-07-18 12:46:34,253 - Knowledge - INFO - Found code_base: <app.utils.kg_build.knowledge.KnowledgeCodeBase object at 0x7f32cffd1b90>
2025-07-18 12:46:34,415 - Knowledge - INFO - process ingested knowledge for /app/data/b2c/122842/b0265zy/Rialto-AMD/npu/repr_dict.py
2025-07-18 12:46:34,567 - Knowledge - INFO - Found code-base-name: https://github.com/Kavia-Admin/Rialto-AMD.git:main
2025-07-18 12:46:34,655 - Knowledge - INFO - adding /app/data/b2c/122842/b0265zy/Rialto-AMD/npu/utils/aiekernels.py to ingest queue
2025-07-18 12:46:34,668 - Knowledge - INFO - persist ingested knowledge for /app/data/b2c/122842/b0265zy/Rialto-AMD/npu/utils/__init__.py
2025-07-18 12:46:34,897 - Knowledge - INFO - persist ingested knowledge for /app/data/b2c/122842/b0265zy/Rialto-AMD/npu/utils/svg.py
2025-07-18 12:46:35,064 - Knowledge - INFO - Found code_base: <app.utils.kg_build.knowledge.KnowledgeCodeBase object at 0x7f32cffd1b90>
2025-07-18 12:46:35,135 - Knowledge - INFO - worker kw11 pull /app/data/b2c/122842/b0265zy/Rialto-AMD/npu/lib/cached/__init__.py from ingest queue
2025-07-18 12:46:35,135 - Knowledge - INFO - adding /app/data/b2c/122842/b0265zy/Rialto-AMD/npu/utils/display_widget.py to ingest queue
2025-07-18 12:46:35,422 - Knowledge - INFO - persist ingested knowledge for /app/data/b2c/122842/b0265zy/Rialto-AMD/npu/utils/imgplot.py
2025-07-18 12:46:35,545 - Knowledge - INFO - process ingested knowledge for /app/data/b2c/122842/b0265zy/Rialto-AMD/npu/lib/cached/__init__.py
2025-07-18 12:46:35,591 - Knowledge - INFO - worker kw12 pull /app/data/b2c/122842/b0265zy/Rialto-AMD/npu/lib/kernels/rgba2gray.py from ingest queue
2025-07-18 12:46:35,591 - Knowledge - INFO - adding /app/data/b2c/122842/b0265zy/Rialto-AMD/npu/utils/videoapps.py to ingest queue
2025-07-18 12:46:35,895 - Knowledge - INFO - process ingested knowledge for /app/data/b2c/122842/b0265zy/Rialto-AMD/npu/lib/kernels/rgba2gray.py
2025-07-18 12:46:36,083 - Knowledge - INFO - adding /app/data/b2c/122842/b0265zy/Rialto-AMD/npu/utils/appviz.py to ingest queue
2025-07-18 12:46:36,167 - Knowledge - INFO - worker kw8 pull /app/data/b2c/122842/b0265zy/Rialto-AMD/npu/lib/kernels/gray2rgba.py from ingest queue
2025-07-18 12:46:36,167 - Knowledge - INFO - Found code-base-name: https://github.com/Kavia-Admin/Rialto-AMD.git:main
2025-07-18 12:46:36,332 - Knowledge - INFO - Found code_base: <app.utils.kg_build.knowledge.KnowledgeCodeBase object at 0x7f32cffd1b90>
2025-07-18 12:46:36,255 - Knowledge - INFO - worker kw2 pull /app/data/b2c/122842/b0265zy/Rialto-AMD/npu/lib/kernels/threshold.py from ingest queue
2025-07-18 12:46:36,364 - Knowledge - INFO - process ingested knowledge for /app/data/b2c/122842/b0265zy/Rialto-AMD/npu/lib/kernels/gray2rgba.py
2025-07-18 12:46:36,395 - Knowledge - INFO - worker kw3 pull /app/data/b2c/122842/b0265zy/Rialto-AMD/npu/lib/kernels/rgba_inverse.py from ingest queue
2025-07-18 12:46:36,395 - Knowledge - INFO - Found code-base-name: https://github.com/Kavia-Admin/Rialto-AMD.git:main
2025-07-18 12:46:36,397 - Knowledge - INFO - worker kw15 pull /app/data/b2c/122842/b0265zy/Rialto-AMD/npu/lib/kernels/bitwiseand.py from ingest queue
2025-07-18 12:46:36,397 - Knowledge - INFO - Found code-base-name: https://github.com/Kavia-Admin/Rialto-AMD.git:main
2025-07-18 12:46:36,397 - Knowledge - INFO - Found code-base-name: https://github.com/Kavia-Admin/Rialto-AMD.git:main
2025-07-18 12:46:36,398 - Knowledge - INFO - Found code-base-name: https://github.com/Kavia-Admin/Rialto-AMD.git:main
2025-07-18 12:46:36,398 - Knowledge - INFO - adding /app/data/b2c/122842/b0265zy/Rialto-AMD/npu/utils/svg_config.py to ingest queue
2025-07-18 12:46:36,436 - Knowledge - INFO - persist ingested knowledge for /app/data/b2c/122842/b0265zy/Rialto-AMD/npu/utils/xbutil.py
2025-07-18 12:46:36,612 - Knowledge - INFO - process ingested knowledge for /app/data/b2c/122842/b0265zy/Rialto-AMD/npu/lib/kernels/threshold.py
2025-07-18 12:46:36,748 - Knowledge - INFO - process ingested knowledge for /app/data/b2c/122842/b0265zy/Rialto-AMD/npu/lib/kernels/rgba_inverse.py
2025-07-18 12:46:36,787 - Knowledge - INFO - Found code_base: <app.utils.kg_build.knowledge.KnowledgeCodeBase object at 0x7f32cffd1b90>
2025-07-18 12:46:36,964 - Knowledge - INFO - process ingested knowledge for /app/data/b2c/122842/b0265zy/Rialto-AMD/npu/lib/kernels/bitwiseand.py
2025-07-18 12:46:37,012 - Knowledge - INFO - Found code_base: <app.utils.kg_build.knowledge.KnowledgeCodeBase object at 0x7f32cffd1b90>
2025-07-18 12:46:37,084 - Knowledge - INFO - Found code_base: <app.utils.kg_build.knowledge.KnowledgeCodeBase object at 0x7f32cffd1b90>
2025-07-18 12:46:37,194 - Knowledge - INFO - Found code_base: <app.utils.kg_build.knowledge.KnowledgeCodeBase object at 0x7f32cffd1b90>
2025-07-18 12:46:37,359 - Knowledge - INFO - adding /app/data/b2c/122842/b0265zy/Rialto-AMD/npu/utils/__init__.py to ingest queue
2025-07-18 12:46:37,647 - Knowledge - INFO - persist ingested knowledge for /app/data/b2c/122842/b0265zy/Rialto-AMD/npu/lib/cached/__init__.py
2025-07-18 12:46:37,843 - Knowledge - INFO - persist ingested knowledge for /app/data/b2c/122842/b0265zy/Rialto-AMD/npu/lib/kernels/rgba2gray.py
2025-07-18 12:46:37,950 - Knowledge - INFO - persist ingested knowledge for /app/data/b2c/122842/b0265zy/Rialto-AMD/npu/utils/nputop.py
2025-07-18 12:46:38,031 - Knowledge - INFO - persist ingested knowledge for /app/data/b2c/122842/b0265zy/Rialto-AMD/npu/repr_dict.py
2025-07-18 12:46:38,151 - Knowledge - INFO - adding /app/data/b2c/122842/b0265zy/Rialto-AMD/npu/utils/svg.py to ingest queue
2025-07-18 12:46:38,635 - Knowledge - INFO - adding /app/data/b2c/122842/b0265zy/Rialto-AMD/npu/utils/test_device.py to ingest queue
2025-07-18 12:46:38,710 - Knowledge - INFO - worker kw7 pull /app/data/b2c/122842/b0265zy/Rialto-AMD/npu/lib/kernels/addweighted.py from ingest queue
2025-07-18 12:46:38,714 - Knowledge - INFO - Found code-base-name: https://github.com/Kavia-Admin/Rialto-AMD.git:main
2025-07-18 12:46:38,718 - Knowledge - INFO - worker kw5 pull /app/data/b2c/122842/b0265zy/Rialto-AMD/npu/lib/kernels/plusn.py from ingest queue
2025-07-18 12:46:38,826 - Knowledge - INFO - adding /app/data/b2c/122842/b0265zy/Rialto-AMD/npu/utils/imgplot.py to ingest queue
2025-07-18 12:46:38,870 - Knowledge - INFO - process ingested knowledge for /app/data/b2c/122842/b0265zy/Rialto-AMD/npu/lib/kernels/addweighted.py
2025-07-18 12:46:38,898 - Knowledge - INFO - Found code_base: <app.utils.kg_build.knowledge.KnowledgeCodeBase object at 0x7f32cffd1b90>
2025-07-18 12:46:39,262 - Knowledge - INFO - persist ingested knowledge for /app/data/b2c/122842/b0265zy/Rialto-AMD/npu/lib/kernels/gray2rgba.py
2025-07-18 12:46:39,093 - Knowledge - INFO - Found code-base-name: https://github.com/Kavia-Admin/Rialto-AMD.git:main
2025-07-18 12:46:39,094 - Knowledge - INFO - Found code-base-name: https://github.com/Kavia-Admin/Rialto-AMD.git:main
2025-07-18 12:46:39,095 - Knowledge - INFO - worker kw1 pull /app/data/b2c/122842/b0265zy/Rialto-AMD/npu/lib/kernels/median.py from ingest queue
2025-07-18 12:46:39,039 - Knowledge - INFO - process ingested knowledge for /app/data/b2c/122842/b0265zy/Rialto-AMD/npu/lib/kernels/plusn.py
2025-07-18 12:46:39,379 - Knowledge - INFO - worker kw6 pull /app/data/b2c/122842/b0265zy/Rialto-AMD/npu/lib/kernels/filter2d.py from ingest queue
2025-07-18 12:46:39,379 - Knowledge - INFO - Found code-base-name: https://github.com/Kavia-Admin/Rialto-AMD.git:main
2025-07-18 12:46:39,380 - Knowledge - INFO - worker kw14 pull /app/data/b2c/122842/b0265zy/Rialto-AMD/npu/lib/kernels/cpp/bitwiseAnd_scalar.cpp from ingest queue
2025-07-18 12:46:39,423 - Knowledge - INFO - Found code_base: <app.utils.kg_build.knowledge.KnowledgeCodeBase object at 0x7f32cffd1b90>
2025-07-18 12:46:39,478 - Knowledge - INFO - adding /app/data/b2c/122842/b0265zy/Rialto-AMD/npu/lib/cached/__init__.py to ingest queue
2025-07-18 12:46:39,504 - Knowledge - INFO - Found code_base: <app.utils.kg_build.knowledge.KnowledgeCodeBase object at 0x7f32cffd1b90>
2025-07-18 12:46:39,648 - Knowledge - INFO - process ingested knowledge for /app/data/b2c/122842/b0265zy/Rialto-AMD/npu/lib/kernels/median.py
2025-07-18 12:46:39,894 - Knowledge - INFO - process ingested knowledge for /app/data/b2c/122842/b0265zy/Rialto-AMD/npu/lib/kernels/filter2d.py
2025-07-18 12:46:39,954 - Knowledge - INFO - Found code_base: <app.utils.kg_build.knowledge.KnowledgeCodeBase object at 0x7f32cffd1b90>
2025-07-18 12:46:40,092 - Knowledge - INFO - process ingested knowledge for /app/data/b2c/122842/b0265zy/Rialto-AMD/npu/lib/kernels/cpp/bitwiseAnd_scalar.cpp
2025-07-18 12:46:40,131 - Knowledge - INFO - persist ingested knowledge for /app/data/b2c/122842/b0265zy/Rialto-AMD/npu/lib/kernels/rgba_inverse.py
2025-07-18 12:46:40,210 - Knowledge - INFO - adding /app/data/b2c/122842/b0265zy/Rialto-AMD/npu/utils/nputop.py to ingest queue
2025-07-18 12:46:40,316 - Knowledge - INFO - persist ingested knowledge for /app/data/b2c/122842/b0265zy/Rialto-AMD/npu/lib/kernels/bitwiseand.py
2025-07-18 12:46:40,615 - Knowledge - INFO - persist ingested knowledge for /app/data/b2c/122842/b0265zy/Rialto-AMD/npu/lib/kernels/threshold.py
2025-07-18 12:46:40,978 - Knowledge - INFO - adding /app/data/b2c/122842/b0265zy/Rialto-AMD/npu/lib/kernels/gray2rgba.py to ingest queue
2025-07-18 12:46:41,136 - Knowledge - INFO - worker kw13 pull /app/data/b2c/122842/b0265zy/Rialto-AMD/npu/lib/kernels/cpp/addWeighted_scalar.cpp from ingest queue
2025-07-18 12:46:41,138 - Knowledge - INFO - adding /app/data/b2c/122842/b0265zy/Rialto-AMD/npu/repr_dict.py to ingest queue
2025-07-18 12:46:41,312 - Knowledge - INFO - process ingested knowledge for /app/data/b2c/122842/b0265zy/Rialto-AMD/npu/lib/kernels/cpp/addWeighted_scalar.cpp
2025-07-18 12:46:41,324 - Knowledge - INFO - worker kw9 pull /app/data/b2c/122842/b0265zy/Rialto-AMD/npu/lib/kernels/cpp/lut_inv_8b.h from ingest queue
2025-07-18 12:46:41,326 - Knowledge - INFO - adding /app/data/b2c/122842/b0265zy/Rialto-AMD/npu/lib/kernels/rgba2gray.py to ingest queue
2025-07-18 12:46:41,617 - Knowledge - INFO - process ingested knowledge for /app/data/b2c/122842/b0265zy/Rialto-AMD/npu/lib/kernels/cpp/lut_inv_8b.h
2025-07-18 12:46:41,636 - Knowledge - INFO - worker kw12 pull /app/data/b2c/122842/b0265zy/Rialto-AMD/npu/lib/kernels/cpp/linebuffer.h from ingest queue
2025-07-18 12:46:41,638 - Knowledge - INFO - Found code-base-name: https://github.com/Kavia-Admin/Rialto-AMD.git:main
2025-07-18 12:46:41,639 - Knowledge - INFO - worker kw11 pull /app/data/b2c/122842/b0265zy/Rialto-AMD/npu/lib/kernels/cpp/threshold_grayscale.cpp from ingest queue
2025-07-18 12:46:41,639 - Knowledge - INFO - worker kw4 pull /app/data/b2c/122842/b0265zy/Rialto-AMD/npu/lib/kernels/cpp/rgba_inverse.cpp from ingest queue
2025-07-18 12:46:41,891 - Knowledge - INFO - Found code_base: <app.utils.kg_build.knowledge.KnowledgeCodeBase object at 0x7f32cffd1b90>
2025-07-18 12:46:42,193 - Knowledge - INFO - persist ingested knowledge for /app/data/b2c/122842/b0265zy/Rialto-AMD/npu/lib/kernels/cpp/bitwiseAnd_scalar.cpp
2025-07-18 12:46:41,925 - Knowledge - INFO - Found code-base-name: https://github.com/Kavia-Admin/Rialto-AMD.git:main
2025-07-18 12:46:42,351 - Knowledge - INFO - Found code_base: <app.utils.kg_build.knowledge.KnowledgeCodeBase object at 0x7f32cffd1b90>
2025-07-18 12:46:41,926 - Knowledge - INFO - Found code-base-name: https://github.com/Kavia-Admin/Rialto-AMD.git:main
2025-07-18 12:46:42,509 - Knowledge - INFO - Found code_base: <app.utils.kg_build.knowledge.KnowledgeCodeBase object at 0x7f32cffd1b90>
2025-07-18 12:46:41,944 - Knowledge - INFO - process ingested knowledge for /app/data/b2c/122842/b0265zy/Rialto-AMD/npu/lib/kernels/cpp/linebuffer.h
2025-07-18 12:46:42,098 - Knowledge - INFO - process ingested knowledge for /app/data/b2c/122842/b0265zy/Rialto-AMD/npu/lib/kernels/cpp/threshold_grayscale.cpp
2025-07-18 12:46:41,924 - Knowledge - INFO - worker kw8 pull /app/data/b2c/122842/b0265zy/Rialto-AMD/npu/lib/kernels/cpp/median_scalar.cpp from ingest queue
2025-07-18 12:46:42,197 - Knowledge - INFO - Found code-base-name: https://github.com/Kavia-Admin/Rialto-AMD.git:main
2025-07-18 12:46:42,932 - Knowledge - INFO - Found code_base: <app.utils.kg_build.knowledge.KnowledgeCodeBase object at 0x7f32cffd1b90>
2025-07-18 12:46:42,233 - Knowledge - INFO - process ingested knowledge for /app/data/b2c/122842/b0265zy/Rialto-AMD/npu/lib/kernels/cpp/rgba_inverse.cpp
2025-07-18 12:46:41,925 - Knowledge - INFO - Found code-base-name: https://github.com/Kavia-Admin/Rialto-AMD.git:main
2025-07-18 12:46:42,439 - Knowledge - INFO - persist ingested knowledge for /app/data/b2c/122842/b0265zy/Rialto-AMD/npu/lib/kernels/plusn.py
2025-07-18 12:46:41,926 - Knowledge - INFO - Found code-base-name: https://github.com/Kavia-Admin/Rialto-AMD.git:main
2025-07-18 12:46:42,583 - Knowledge - INFO - persist ingested knowledge for /app/data/b2c/122842/b0265zy/Rialto-AMD/npu/lib/kernels/median.py
2025-07-18 12:46:42,200 - Knowledge - INFO - adding /app/data/b2c/122842/b0265zy/Rialto-AMD/npu/utils/xbutil.py to ingest queue
2025-07-18 12:46:42,997 - Knowledge - INFO - process ingested knowledge for /app/data/b2c/122842/b0265zy/Rialto-AMD/npu/lib/kernels/cpp/median_scalar.cpp
2025-07-18 12:46:43,048 - Knowledge - INFO - persist ingested knowledge for /app/data/b2c/122842/b0265zy/Rialto-AMD/npu/lib/kernels/cpp/lut_inv_8b.h
2025-07-18 12:46:43,248 - Knowledge - INFO - Found code_base: <app.utils.kg_build.knowledge.KnowledgeCodeBase object at 0x7f32cffd1b90>
2025-07-18 12:46:43,917 - Knowledge - INFO - persist ingested knowledge for /app/data/b2c/122842/b0265zy/Rialto-AMD/npu/lib/kernels/cpp/addWeighted_scalar.cpp
2025-07-18 12:46:43,633 - Knowledge - INFO - adding /app/data/b2c/122842/b0265zy/Rialto-AMD/npu/lib/kernels/threshold.py to ingest queue
2025-07-18 12:46:43,458 - Knowledge - INFO - Found code_base: <app.utils.kg_build.knowledge.KnowledgeCodeBase object at 0x7f32cffd1b90>
2025-07-18 12:46:44,099 - Knowledge - INFO - worker kw2 pull /app/data/b2c/122842/b0265zy/Rialto-AMD/npu/lib/kernels/cpp/filter2d.h from ingest queue
2025-07-18 12:46:44,099 - Knowledge - INFO - adding /app/data/b2c/122842/b0265zy/Rialto-AMD/npu/lib/kernels/bitwiseand.py to ingest queue
2025-07-18 12:46:44,176 - Knowledge - INFO - persist ingested knowledge for /app/data/b2c/122842/b0265zy/Rialto-AMD/npu/lib/kernels/filter2d.py
2025-07-18 12:46:44,380 - Knowledge - INFO - process ingested knowledge for /app/data/b2c/122842/b0265zy/Rialto-AMD/npu/lib/kernels/cpp/filter2d.h
2025-07-18 12:46:44,457 - Knowledge - INFO - adding /app/data/b2c/122842/b0265zy/Rialto-AMD/npu/lib/kernels/cpp/bitwiseAnd_scalar.cpp to ingest queue
2025-07-18 12:46:44,683 - Knowledge - INFO - Found code-base-name: https://github.com/Kavia-Admin/Rialto-AMD.git:main
2025-07-18 12:46:44,683 - Knowledge - INFO - Found code-base-name: https://github.com/Kavia-Admin/Rialto-AMD.git:main
2025-07-18 12:46:44,883 - Knowledge - INFO - Found code_base: <app.utils.kg_build.knowledge.KnowledgeCodeBase object at 0x7f32cffd1b90>
2025-07-18 12:46:44,869 - Knowledge - INFO - adding /app/data/b2c/122842/b0265zy/Rialto-AMD/npu/lib/kernels/median.py to ingest queue
2025-07-18 12:46:44,772 - Knowledge - INFO - Found code_base: <app.utils.kg_build.knowledge.KnowledgeCodeBase object at 0x7f32cffd1b90>
2025-07-18 12:46:44,976 - Knowledge - INFO - persist ingested knowledge for /app/data/b2c/122842/b0265zy/Rialto-AMD/npu/lib/kernels/cpp/rgba_inverse.cpp
2025-07-18 12:46:45,079 - Knowledge - INFO - Found code-base-name: https://github.com/Kavia-Admin/Rialto-AMD.git:main
2025-07-18 12:46:45,316 - Knowledge - INFO - Found code_base: <app.utils.kg_build.knowledge.KnowledgeCodeBase object at 0x7f32cffd1b90>
2025-07-18 12:46:45,304 - Knowledge - INFO - adding /app/data/b2c/122842/b0265zy/Rialto-AMD/npu/lib/kernels/cpp/addWeighted_scalar.cpp to ingest queue
2025-07-18 12:46:45,150 - Knowledge - INFO - persist ingested knowledge for /app/data/b2c/122842/b0265zy/Rialto-AMD/npu/lib/kernels/cpp/threshold_grayscale.cpp
2025-07-18 12:46:45,393 - Knowledge - INFO - persist ingested knowledge for /app/data/b2c/122842/b0265zy/Rialto-AMD/npu/lib/kernels/cpp/median_scalar.cpp
2025-07-18 12:46:45,500 - Knowledge - INFO - Found code-base-name: https://github.com/Kavia-Admin/Rialto-AMD.git:main
2025-07-18 12:46:45,500 - Knowledge - INFO - worker kw15 pull /app/data/b2c/122842/b0265zy/Rialto-AMD/npu/lib/kernels/cpp/gray2rgba.cpp from ingest queue
2025-07-18 12:46:45,599 - Knowledge - INFO - Found code-base-name: https://github.com/Kavia-Admin/Rialto-AMD.git:main
2025-07-18 12:46:45,600 - Knowledge - INFO - worker kw14 pull /app/data/b2c/122842/b0265zy/Rialto-AMD/npu/lib/kernels/cpp/rgba2gray.cpp from ingest queue
2025-07-18 12:46:45,600 - Knowledge - INFO - adding /app/data/b2c/122842/b0265zy/Rialto-AMD/npu/lib/kernels/plusn.py to ingest queue
2025-07-18 12:46:45,794 - Knowledge - INFO - Found code_base: <app.utils.kg_build.knowledge.KnowledgeCodeBase object at 0x7f32cffd1b90>
2025-07-18 12:46:46,280 - Knowledge - INFO - persist ingested knowledge for /app/data/b2c/122842/b0265zy/Rialto-AMD/npu/lib/kernels/addweighted.py
2025-07-18 12:46:45,991 - Knowledge - INFO - Found code_base: <app.utils.kg_build.knowledge.KnowledgeCodeBase object at 0x7f32cffd1b90>
2025-07-18 12:46:46,159 - Knowledge - INFO - process ingested knowledge for /app/data/b2c/122842/b0265zy/Rialto-AMD/npu/lib/kernels/cpp/rgba2gray.cpp
2025-07-18 12:46:46,196 - Knowledge - INFO - adding /app/data/b2c/122842/b0265zy/Rialto-AMD/npu/lib/kernels/cpp/lut_inv_8b.h to ingest queue
2025-07-18 12:46:45,965 - Knowledge - INFO - process ingested knowledge for /app/data/b2c/122842/b0265zy/Rialto-AMD/npu/lib/kernels/cpp/gray2rgba.cpp
2025-07-18 12:46:46,435 - Knowledge - INFO - persist ingested knowledge for /app/data/b2c/122842/b0265zy/Rialto-AMD/npu/lib/kernels/cpp/filter2d.h
2025-07-18 12:46:46,733 - Knowledge - INFO - adding /app/data/b2c/122842/b0265zy/Rialto-AMD/npu/lib/kernels/cpp/rgba_inverse.cpp to ingest queue
2025-07-18 12:46:46,950 - Knowledge - INFO - Found code-base-name: https://github.com/Kavia-Admin/Rialto-AMD.git:main
2025-07-18 12:46:46,951 - Knowledge - INFO - worker kw13 pull /app/data/b2c/122842/b0265zy/Rialto-AMD/npu/lib/kernels/cpp/filter2d_1080p_scalar.cpp from ingest queue
2025-07-18 12:46:46,955 - Knowledge - INFO - adding /app/data/b2c/122842/b0265zy/Rialto-AMD/npu/lib/kernels/filter2d.py to ingest queue
2025-07-18 12:46:47,040 - Knowledge - INFO - Found code_base: <app.utils.kg_build.knowledge.KnowledgeCodeBase object at 0x7f32cffd1b90>
2025-07-18 12:46:48,009 - Knowledge - INFO - process ingested knowledge for /app/data/b2c/122842/b0265zy/Rialto-AMD/npu/lib/kernels/cpp/filter2d_1080p_scalar.cpp
2025-07-18 12:46:48,036 - Knowledge - INFO - worker kw1 pull /app/data/b2c/122842/b0265zy/Rialto-AMD/npu/lib/kernels/cpp/filter2d_720p_scalar.cpp from ingest queue
2025-07-18 12:46:48,129 - Knowledge - INFO - worker kw5 pull /app/data/b2c/122842/b0265zy/Rialto-AMD/npu/lib/kernels/cpp/plus1.cpp from ingest queue
2025-07-18 12:46:48,152 - Knowledge - INFO - persist ingested knowledge for /app/data/b2c/122842/b0265zy/Rialto-AMD/npu/lib/kernels/cpp/linebuffer.h
2025-07-18 12:46:48,197 - Knowledge - INFO - worker kw9 pull /app/data/b2c/122842/b0265zy/Rialto-AMD/npu/lib/kernels/cpp/rgba2hue_scalar.cpp from ingest queue
2025-07-18 12:46:48,197 - Knowledge - INFO - adding /app/data/b2c/122842/b0265zy/Rialto-AMD/npu/lib/kernels/rgba_inverse.py to ingest queue
2025-07-18 12:46:48,414 - Knowledge - INFO - process ingested knowledge for /app/data/b2c/122842/b0265zy/Rialto-AMD/npu/lib/kernels/cpp/filter2d_720p_scalar.cpp
2025-07-18 12:46:48,517 - Knowledge - INFO - process ingested knowledge for /app/data/b2c/122842/b0265zy/Rialto-AMD/npu/lib/kernels/cpp/plus1.cpp
2025-07-18 12:46:48,678 - Knowledge - INFO - process ingested knowledge for /app/data/b2c/122842/b0265zy/Rialto-AMD/npu/lib/kernels/cpp/rgba2hue_scalar.cpp
2025-07-18 12:46:48,798 - Knowledge - INFO - worker kw4 pull /app/data/b2c/122842/b0265zy/Rialto-AMD/npu/lib/kernels/cpp/bitwiseOr_scalar.cpp from ingest queue
2025-07-18 12:46:48,880 - Knowledge - INFO - worker kw6 pull /app/data/b2c/122842/b0265zy/Rialto-AMD/npu/lib/kernels/cpp/rgba2hue.cpp from ingest queue
2025-07-18 12:46:48,881 - Knowledge - INFO - Found code-base-name: https://github.com/Kavia-Admin/Rialto-AMD.git:main
2025-07-18 12:46:48,881 - Knowledge - INFO - adding /app/data/b2c/122842/b0265zy/Rialto-AMD/npu/lib/kernels/addweighted.py to ingest queue
2025-07-18 12:46:49,171 - Knowledge - INFO - process ingested knowledge for /app/data/b2c/122842/b0265zy/Rialto-AMD/npu/lib/kernels/cpp/bitwiseOr_scalar.cpp
2025-07-18 12:46:49,272 - Knowledge - INFO - process ingested knowledge for /app/data/b2c/122842/b0265zy/Rialto-AMD/npu/lib/kernels/cpp/rgba2hue.cpp
2025-07-18 12:46:49,330 - Knowledge - INFO - Found code_base: <app.utils.kg_build.knowledge.KnowledgeCodeBase object at 0x7f32cffd1b90>
2025-07-18 12:46:49,708 - Knowledge - INFO - persist ingested knowledge for /app/data/b2c/122842/b0265zy/Rialto-AMD/npu/lib/kernels/cpp/rgba2gray.cpp
2025-07-18 12:46:49,432 - Knowledge - INFO - Found code-base-name: https://github.com/Kavia-Admin/Rialto-AMD.git:main
2025-07-18 12:46:49,433 - Knowledge - INFO - worker kw7 pull /app/data/b2c/122842/b0265zy/Rialto-AMD/npu/lib/kernels/cpp/bitwiseOr.cpp from ingest queue
2025-07-18 12:46:49,434 - Knowledge - INFO - worker kw3 pull /app/data/b2c/122842/b0265zy/Rialto-AMD/npu/lib/kernels/cpp/threshold_rgba.cpp from ingest queue
2025-07-18 12:46:49,434 - Knowledge - INFO - adding /app/data/b2c/122842/b0265zy/Rialto-AMD/npu/lib/kernels/cpp/filter2d.h to ingest queue
2025-07-18 12:46:49,430 - Knowledge - INFO - Found code-base-name: https://github.com/Kavia-Admin/Rialto-AMD.git:main
2025-07-18 12:46:49,915 - Knowledge - INFO - Found code_base: <app.utils.kg_build.knowledge.KnowledgeCodeBase object at 0x7f32cffd1b90>
2025-07-18 12:46:50,376 - Knowledge - INFO - persist ingested knowledge for /app/data/b2c/122842/b0265zy/Rialto-AMD/npu/lib/kernels/cpp/filter2d_1080p_scalar.cpp
2025-07-18 12:46:50,132 - Knowledge - INFO - process ingested knowledge for /app/data/b2c/122842/b0265zy/Rialto-AMD/npu/lib/kernels/cpp/threshold_rgba.cpp
2025-07-18 12:46:50,162 - Knowledge - INFO - worker kw2 pull /app/data/b2c/122842/b0265zy/Rialto-AMD/npu/lib/kernels/cpp/filter2d_1080p.cpp from ingest queue
2025-07-18 12:46:50,162 - Knowledge - INFO - adding /app/data/b2c/122842/b0265zy/Rialto-AMD/npu/lib/kernels/cpp/median_scalar.cpp to ingest queue
2025-07-18 12:46:50,274 - Knowledge - INFO - Found code_base: <app.utils.kg_build.knowledge.KnowledgeCodeBase object at 0x7f32cffd1b90>
2025-07-18 12:46:50,036 - Knowledge - INFO - process ingested knowledge for /app/data/b2c/122842/b0265zy/Rialto-AMD/npu/lib/kernels/cpp/bitwiseOr.cpp
2025-07-18 12:46:50,763 - Knowledge - INFO - process ingested knowledge for /app/data/b2c/122842/b0265zy/Rialto-AMD/npu/lib/kernels/cpp/filter2d_1080p.cpp
2025-07-18 12:46:50,786 - Knowledge - INFO - Found code-base-name: https://github.com/Kavia-Admin/Rialto-AMD.git:main
2025-07-18 12:46:51,188 - Knowledge - INFO - Found code_base: <app.utils.kg_build.knowledge.KnowledgeCodeBase object at 0x7f32cffd1b90>
2025-07-18 12:46:50,874 - Knowledge - INFO - persist ingested knowledge for /app/data/b2c/122842/b0265zy/Rialto-AMD/npu/lib/kernels/cpp/gray2rgba.cpp
2025-07-18 12:46:50,881 - Knowledge - INFO - worker kw10 pull /app/data/b2c/122842/b0265zy/Rialto-AMD/npu/lib/kernels/cpp/filter2d_720p.cpp from ingest queue
2025-07-18 12:46:50,881 - Knowledge - INFO - Found code-base-name: https://github.com/Kavia-Admin/Rialto-AMD.git:main
2025-07-18 12:46:50,881 - Knowledge - INFO - Found code-base-name: https://github.com/Kavia-Admin/Rialto-AMD.git:main
2025-07-18 12:46:51,643 - Knowledge - INFO - Found code_base: <app.utils.kg_build.knowledge.KnowledgeCodeBase object at 0x7f32cffd1b90>
2025-07-18 12:46:51,722 - Knowledge - INFO - persist ingested knowledge for /app/data/b2c/122842/b0265zy/Rialto-AMD/npu/lib/kernels/cpp/rgba2hue.cpp
2025-07-18 12:46:51,279 - Knowledge - INFO - persist ingested knowledge for /app/data/b2c/122842/b0265zy/Rialto-AMD/npu/lib/kernels/cpp/rgba2hue_scalar.cpp
2025-07-18 12:46:51,519 - Knowledge - INFO - process ingested knowledge for /app/data/b2c/122842/b0265zy/Rialto-AMD/npu/lib/kernels/cpp/filter2d_720p.cpp
2025-07-18 12:46:51,559 - Knowledge - INFO - Found code_base: <app.utils.kg_build.knowledge.KnowledgeCodeBase object at 0x7f32cffd1b90>
2025-07-18 12:46:50,992 - Knowledge - INFO - adding /app/data/b2c/122842/b0265zy/Rialto-AMD/npu/lib/kernels/cpp/threshold_grayscale.cpp to ingest queue
2025-07-18 12:46:50,791 - Knowledge - INFO - Found code-base-name: https://github.com/Kavia-Admin/Rialto-AMD.git:main
2025-07-18 12:46:52,266 - Knowledge - INFO - Found code_base: <app.utils.kg_build.knowledge.KnowledgeCodeBase object at 0x7f32cffd1b90>
2025-07-18 12:46:52,357 - Knowledge - INFO - persist ingested knowledge for /app/data/b2c/122842/b0265zy/Rialto-AMD/npu/lib/kernels/cpp/filter2d_720p_scalar.cpp
2025-07-18 12:46:52,086 - Knowledge - INFO - persist ingested knowledge for /app/data/b2c/122842/b0265zy/Rialto-AMD/npu/lib/kernels/cpp/bitwiseOr_scalar.cpp
2025-07-18 12:46:52,331 - Knowledge - INFO - adding /app/data/b2c/122842/b0265zy/Rialto-AMD/npu/lib/kernels/cpp/filter2d_1080p_scalar.cpp to ingest queue
2025-07-18 12:46:52,186 - Knowledge - INFO - Found code-base-name: https://github.com/Kavia-Admin/Rialto-AMD.git:main
2025-07-18 12:46:52,664 - Knowledge - INFO - worker kw8 pull /app/data/b2c/122842/b0265zy/Rialto-AMD/npu/lib/kernels/cpp/inrange.cpp from ingest queue
2025-07-18 12:46:52,668 - Knowledge - INFO - adding /app/data/b2c/122842/b0265zy/Rialto-AMD/npu/lib/kernels/cpp/rgba2gray.cpp to ingest queue
2025-07-18 12:46:52,778 - Knowledge - INFO - Found code_base: <app.utils.kg_build.knowledge.KnowledgeCodeBase object at 0x7f32cffd1b90>
2025-07-18 12:46:52,962 - Knowledge - INFO - process ingested knowledge for /app/data/b2c/122842/b0265zy/Rialto-AMD/npu/lib/kernels/cpp/inrange.cpp
2025-07-18 12:46:52,988 - Knowledge - INFO - Found code-base-name: https://github.com/Kavia-Admin/Rialto-AMD.git:main
2025-07-18 12:46:52,990 - Knowledge - INFO - Found code-base-name: https://github.com/Kavia-Admin/Rialto-AMD.git:main
2025-07-18 12:46:53,086 - Knowledge - INFO - persist ingested knowledge for /app/data/b2c/122842/b0265zy/Rialto-AMD/npu/lib/kernels/cpp/plus1.cpp
2025-07-18 12:46:53,250 - Knowledge - INFO - Found code-base-name: https://github.com/Kavia-Admin/Rialto-AMD.git:main
2025-07-18 12:46:53,250 - Knowledge - INFO - worker kw11 pull /app/data/b2c/122842/b0265zy/Rialto-AMD/npu/lib/kernels/cpp/inverse.cpp from ingest queue
2025-07-18 12:46:53,250 - Knowledge - INFO - Found code-base-name: https://github.com/Kavia-Admin/Rialto-AMD.git:main
2025-07-18 12:46:53,709 - Knowledge - INFO - Found code_base: <app.utils.kg_build.knowledge.KnowledgeCodeBase object at 0x7f32cffd1b90>
2025-07-18 12:46:53,321 - Knowledge - INFO - adding /app/data/b2c/122842/b0265zy/Rialto-AMD/npu/lib/kernels/cpp/linebuffer.h to ingest queue
2025-07-18 12:46:53,383 - Knowledge - INFO - Found code_base: <app.utils.kg_build.knowledge.KnowledgeCodeBase object at 0x7f32cffd1b90>
2025-07-18 12:46:53,965 - Knowledge - INFO - persist ingested knowledge for /app/data/b2c/122842/b0265zy/Rialto-AMD/npu/lib/kernels/cpp/filter2d_1080p.cpp
2025-07-18 12:46:53,698 - Knowledge - INFO - process ingested knowledge for /app/data/b2c/122842/b0265zy/Rialto-AMD/npu/lib/kernels/cpp/inverse.cpp
2025-07-18 12:46:53,272 - Knowledge - INFO - Found code_base: <app.utils.kg_build.knowledge.KnowledgeCodeBase object at 0x7f32cffd1b90>
2025-07-18 12:46:53,792 - Knowledge - INFO - persist ingested knowledge for /app/data/b2c/122842/b0265zy/Rialto-AMD/npu/lib/kernels/cpp/threshold_rgba.cpp
2025-07-18 12:46:53,884 - Knowledge - INFO - worker kw13 pull /app/data/b2c/122842/b0265zy/Rialto-AMD/npu/lib/kernels/cpp/plusn.cpp from ingest queue
2025-07-18 12:46:53,885 - Knowledge - INFO - worker kw14 pull /app/data/b2c/122842/b0265zy/Rialto-AMD/npu/lib/kernels/cpp/bitwiseAnd.cpp from ingest queue
2025-07-18 12:46:53,886 - Knowledge - INFO - adding /app/data/b2c/122842/b0265zy/Rialto-AMD/npu/lib/kernels/cpp/rgba2hue.cpp to ingest queue
2025-07-18 12:46:53,560 - Knowledge - INFO - Found code_base: <app.utils.kg_build.knowledge.KnowledgeCodeBase object at 0x7f32cffd1b90>
2025-07-18 12:46:54,654 - Knowledge - INFO - persist ingested knowledge for /app/data/b2c/122842/b0265zy/Rialto-AMD/npu/lib/kernels/cpp/filter2d_720p.cpp
2025-07-18 12:46:54,423 - Knowledge - INFO - process ingested knowledge for /app/data/b2c/122842/b0265zy/Rialto-AMD/npu/lib/kernels/cpp/plusn.cpp
2025-07-18 12:46:54,530 - Knowledge - INFO - process ingested knowledge for /app/data/b2c/122842/b0265zy/Rialto-AMD/npu/lib/kernels/cpp/bitwiseAnd.cpp
2025-07-18 12:46:54,561 - Knowledge - INFO - adding /app/data/b2c/122842/b0265zy/Rialto-AMD/npu/lib/kernels/cpp/rgba2hue_scalar.cpp to ingest queue
2025-07-18 12:46:54,217 - Knowledge - INFO - persist ingested knowledge for /app/data/b2c/122842/b0265zy/Rialto-AMD/npu/lib/kernels/cpp/bitwiseOr.cpp
2025-07-18 12:46:55,134 - Knowledge - INFO - adding /app/data/b2c/122842/b0265zy/Rialto-AMD/npu/lib/kernels/cpp/bitwiseOr_scalar.cpp to ingest queue
2025-07-18 12:46:55,326 - Knowledge - INFO - adding /app/data/b2c/122842/b0265zy/Rialto-AMD/npu/lib/kernels/cpp/gray2rgba.cpp to ingest queue
2025-07-18 12:46:55,398 - Knowledge - INFO - worker kw12 pull /app/data/b2c/122842/b0265zy/Rialto-AMD/npu/lib/kernels/cpp/addWeighted.cpp from ingest queue
2025-07-18 12:46:55,484 - Knowledge - INFO - adding /app/data/b2c/122842/b0265zy/Rialto-AMD/npu/lib/kernels/cpp/filter2d_1080p.cpp to ingest queue
2025-07-18 12:46:55,565 - Knowledge - INFO - process ingested knowledge for /app/data/b2c/122842/b0265zy/Rialto-AMD/npu/lib/kernels/cpp/addWeighted.cpp
2025-07-18 12:46:55,581 - Knowledge - INFO - worker kw6 pull /app/data/b2c/122842/b0265zy/Rialto-AMD/npu/lib/kernels/cpp/rgba2gray_scalar.cpp from ingest queue
2025-07-18 12:46:55,583 - Knowledge - INFO - Found code-base-name: https://github.com/Kavia-Admin/Rialto-AMD.git:main
2025-07-18 12:46:55,584 - Knowledge - INFO - Found code-base-name: https://github.com/Kavia-Admin/Rialto-AMD.git:main
2025-07-18 12:46:55,966 - Knowledge - INFO - Found code_base: <app.utils.kg_build.knowledge.KnowledgeCodeBase object at 0x7f32cffd1b90>
2025-07-18 12:46:55,657 - Knowledge - INFO - worker kw4 pull /app/data/b2c/122842/b0265zy/Rialto-AMD/npu/lib/kernels/cpp/gray2rgba_scalar.cpp from ingest queue
2025-07-18 12:46:55,657 - Knowledge - INFO - adding /app/data/b2c/122842/b0265zy/Rialto-AMD/npu/lib/kernels/cpp/bitwiseOr.cpp to ingest queue
2025-07-18 12:46:55,823 - Knowledge - INFO - process ingested knowledge for /app/data/b2c/122842/b0265zy/Rialto-AMD/npu/lib/kernels/cpp/rgba2gray_scalar.cpp
2025-07-18 12:46:55,858 - Knowledge - INFO - Found code_base: <app.utils.kg_build.knowledge.KnowledgeCodeBase object at 0x7f32cffd1b90>
2025-07-18 12:46:56,419 - Knowledge - INFO - persist ingested knowledge for /app/data/b2c/122842/b0265zy/Rialto-AMD/npu/lib/kernels/cpp/plusn.cpp
2025-07-18 12:46:56,036 - Knowledge - INFO - persist ingested knowledge for /app/data/b2c/122842/b0265zy/Rialto-AMD/npu/lib/kernels/cpp/bitwiseAnd.cpp
2025-07-18 12:46:56,185 - Knowledge - INFO - process ingested knowledge for /app/data/b2c/122842/b0265zy/Rialto-AMD/npu/lib/kernels/cpp/gray2rgba_scalar.cpp
2025-07-18 12:46:56,251 - Knowledge - INFO - worker kw15 pull /app/data/b2c/122842/b0265zy/Rialto-AMD/npu/lib/kernels/cpp/median.cpp from ingest queue
2025-07-18 12:46:56,252 - Knowledge - INFO - Found code-base-name: https://github.com/Kavia-Admin/Rialto-AMD.git:main
2025-07-18 12:46:56,886 - Knowledge - INFO - Found code_base: <app.utils.kg_build.knowledge.KnowledgeCodeBase object at 0x7f32cffd1b90>
2025-07-18 12:46:56,427 - Knowledge - INFO - worker kw2 pull /app/data/b2c/122842/b0265zy/Rialto-AMD/npu/lib/kernels/cpp/rgba_rtp_thresh.cpp from ingest queue
2025-07-18 12:46:56,427 - Knowledge - INFO - adding /app/data/b2c/122842/b0265zy/Rialto-AMD/npu/lib/kernels/cpp/plus1.cpp to ingest queue
2025-07-18 12:46:56,875 - Knowledge - INFO - process ingested knowledge for /app/data/b2c/122842/b0265zy/Rialto-AMD/npu/lib/kernels/cpp/median.cpp
2025-07-18 12:46:55,584 - Knowledge - INFO - worker kw9 pull /app/data/b2c/122842/b0265zy/Rialto-AMD/npu/lib/kernels/cpp/filter2d_scalar.h from ingest queue
2025-07-18 12:46:56,959 - Knowledge - INFO - persist ingested knowledge for /app/data/b2c/122842/b0265zy/Rialto-AMD/npu/lib/kernels/cpp/inverse.cpp
2025-07-18 12:46:57,089 - Knowledge - INFO - process ingested knowledge for /app/data/b2c/122842/b0265zy/Rialto-AMD/npu/lib/kernels/cpp/rgba_rtp_thresh.cpp
2025-07-18 12:46:57,164 - Knowledge - INFO - Found code-base-name: https://github.com/Kavia-Admin/Rialto-AMD.git:main
2025-07-18 12:46:57,165 - Knowledge - INFO - Found code-base-name: https://github.com/Kavia-Admin/Rialto-AMD.git:main
2025-07-18 12:46:57,762 - Knowledge - INFO - Found code_base: <app.utils.kg_build.knowledge.KnowledgeCodeBase object at 0x7f32cffd1b90>
2025-07-18 12:46:57,166 - Knowledge - INFO - adding /app/data/b2c/122842/b0265zy/Rialto-AMD/npu/lib/kernels/cpp/threshold_rgba.cpp to ingest queue
2025-07-18 12:46:57,400 - Knowledge - INFO - process ingested knowledge for /app/data/b2c/122842/b0265zy/Rialto-AMD/npu/lib/kernels/cpp/filter2d_scalar.h
2025-07-18 12:46:57,662 - Knowledge - INFO - Found code_base: <app.utils.kg_build.knowledge.KnowledgeCodeBase object at 0x7f32cffd1b90>
2025-07-18 12:46:57,166 - Knowledge - INFO - worker kw7 pull /app/data/b2c/122842/b0265zy/Rialto-AMD/npu/lib/kernels/inverse.py from ingest queue
2025-07-18 12:46:57,843 - Knowledge - INFO - persist ingested knowledge for /app/data/b2c/122842/b0265zy/Rialto-AMD/npu/lib/kernels/cpp/addWeighted.cpp
2025-07-18 12:46:57,964 - Knowledge - INFO - adding /app/data/b2c/122842/b0265zy/Rialto-AMD/npu/lib/kernels/cpp/filter2d_720p_scalar.cpp to ingest queue
2025-07-18 12:46:58,196 - Knowledge - INFO - persist ingested knowledge for /app/data/b2c/122842/b0265zy/Rialto-AMD/npu/lib/kernels/cpp/inrange.cpp
2025-07-18 12:46:58,333 - Knowledge - INFO - process ingested knowledge for /app/data/b2c/122842/b0265zy/Rialto-AMD/npu/lib/kernels/inverse.py
2025-07-18 12:46:58,471 - Knowledge - INFO - adding /app/data/b2c/122842/b0265zy/Rialto-AMD/npu/lib/kernels/cpp/filter2d_720p.cpp to ingest queue
2025-07-18 12:46:58,846 - Knowledge - INFO - adding /app/data/b2c/122842/b0265zy/Rialto-AMD/npu/lib/kernels/cpp/plusn.cpp to ingest queue
2025-07-18 12:46:58,927 - Knowledge - INFO - Found code-base-name: https://github.com/Kavia-Admin/Rialto-AMD.git:main
2025-07-18 12:46:58,927 - Knowledge - INFO - worker kw5 pull /app/data/b2c/122842/b0265zy/Rialto-AMD/npu/lib/kernels/inrange.py from ingest queue
2025-07-18 12:46:58,928 - Knowledge - INFO - Found code-base-name: https://github.com/Kavia-Admin/Rialto-AMD.git:main
2025-07-18 12:46:59,022 - Knowledge - INFO - Found code_base: <app.utils.kg_build.knowledge.KnowledgeCodeBase object at 0x7f32cffd1b90>
2025-07-18 12:46:59,295 - Knowledge - INFO - persist ingested knowledge for /app/data/b2c/122842/b0265zy/Rialto-AMD/npu/lib/kernels/cpp/gray2rgba_scalar.cpp
2025-07-18 12:46:59,029 - Knowledge - INFO - worker kw3 pull /app/data/b2c/122842/b0265zy/Rialto-AMD/npu/lib/kernels/__init__.py from ingest queue
2025-07-18 12:46:59,030 - Knowledge - INFO - Found code-base-name: https://github.com/Kavia-Admin/Rialto-AMD.git:main
2025-07-18 12:46:59,030 - Knowledge - INFO - worker kw1 pull /app/data/b2c/122842/b0265zy/Rialto-AMD/npu/lib/kernels/rgba2hue.py from ingest queue
2025-07-18 12:46:59,030 - Knowledge - INFO - Found code-base-name: https://github.com/Kavia-Admin/Rialto-AMD.git:main
2025-07-18 12:46:59,030 - Knowledge - INFO - worker kw10 pull /app/data/b2c/122842/b0265zy/Rialto-AMD/npu/lib/kernels/bitwiseor.py from ingest queue
2025-07-18 12:46:59,031 - Knowledge - INFO - Found code-base-name: https://github.com/Kavia-Admin/Rialto-AMD.git:main
2025-07-18 12:46:59,031 - Knowledge - INFO - worker kw13 pull /app/data/b2c/122842/b0265zy/Rialto-AMD/npu/lib/kernels/kernelgenerator.py from ingest queue
2025-07-18 12:46:59,106 - Knowledge - INFO - adding /app/data/b2c/122842/b0265zy/Rialto-AMD/npu/lib/kernels/cpp/inverse.cpp to ingest queue
2025-07-18 12:46:59,212 - Knowledge - INFO - process ingested knowledge for /app/data/b2c/122842/b0265zy/Rialto-AMD/npu/lib/kernels/inrange.py
2025-07-18 12:46:59,222 - Knowledge - INFO - Found code_base: <app.utils.kg_build.knowledge.KnowledgeCodeBase object at 0x7f32cffd1b90>
2025-07-18 12:46:59,028 - Knowledge - INFO - Found code-base-name: https://github.com/Kavia-Admin/Rialto-AMD.git:main
2025-07-18 12:47:01,657 - Knowledge - INFO - Found code_base: <app.utils.kg_build.knowledge.KnowledgeCodeBase object at 0x7f32cffd1b90>
2025-07-18 12:47:01,749 - Knowledge - INFO - persist ingested knowledge for /app/data/b2c/122842/b0265zy/Rialto-AMD/npu/lib/kernels/cpp/rgba_rtp_thresh.cpp
2025-07-18 12:46:59,771 - Knowledge - INFO - process ingested knowledge for /app/data/b2c/122842/b0265zy/Rialto-AMD/npu/lib/kernels/rgba2hue.py
2025-07-18 12:46:59,818 - Knowledge - INFO - Found code_base: <app.utils.kg_build.knowledge.KnowledgeCodeBase object at 0x7f32cffd1b90>
2025-07-18 12:46:59,964 - Knowledge - INFO - process ingested knowledge for /app/data/b2c/122842/b0265zy/Rialto-AMD/npu/lib/kernels/bitwiseor.py
2025-07-18 12:47:00,032 - Knowledge - INFO - Found code_base: <app.utils.kg_build.knowledge.KnowledgeCodeBase object at 0x7f32cffd1b90>
2025-07-18 12:47:01,319 - Knowledge - INFO - process ingested knowledge for /app/data/b2c/122842/b0265zy/Rialto-AMD/npu/lib/kernels/kernelgenerator.py
2025-07-18 12:47:01,529 - Knowledge - INFO - adding /app/data/b2c/122842/b0265zy/Rialto-AMD/npu/lib/kernels/cpp/addWeighted.cpp to ingest queue
2025-07-18 12:47:01,561 - Knowledge - INFO - persist ingested knowledge for /app/data/b2c/122842/b0265zy/Rialto-AMD/npu/lib/kernels/cpp/rgba2gray_scalar.cpp
2025-07-18 12:46:59,585 - Knowledge - INFO - process ingested knowledge for /app/data/b2c/122842/b0265zy/Rialto-AMD/npu/lib/kernels/__init__.py
2025-07-18 12:46:59,611 - Knowledge - INFO - Found code_base: <app.utils.kg_build.knowledge.KnowledgeCodeBase object at 0x7f32cffd1b90>
2025-07-18 12:47:02,057 - Knowledge - INFO - persist ingested knowledge for /app/data/b2c/122842/b0265zy/Rialto-AMD/npu/lib/kernels/inverse.py
2025-07-18 12:47:02,208 - Knowledge - INFO - persist ingested knowledge for /app/data/b2c/122842/b0265zy/Rialto-AMD/npu/lib/kernels/cpp/median.cpp
2025-07-18 12:47:02,499 - Knowledge - INFO - adding /app/data/b2c/122842/b0265zy/Rialto-AMD/npu/lib/kernels/cpp/inrange.cpp to ingest queue
2025-07-18 12:47:02,670 - Knowledge - INFO - persist ingested knowledge for /app/data/b2c/122842/b0265zy/Rialto-AMD/npu/lib/kernels/cpp/filter2d_scalar.h
2025-07-18 12:47:02,948 - Knowledge - INFO - Found code-base-name: https://github.com/Kavia-Admin/Rialto-AMD.git:main
2025-07-18 12:47:03,117 - Knowledge - INFO - Found code_base: <app.utils.kg_build.knowledge.KnowledgeCodeBase object at 0x7f32cffd1b90>
2025-07-18 12:47:02,948 - Knowledge - INFO - adding /app/data/b2c/122842/b0265zy/Rialto-AMD/npu/lib/kernels/cpp/bitwiseAnd.cpp to ingest queue
2025-07-18 12:47:03,210 - Knowledge - INFO - persist ingested knowledge for /app/data/b2c/122842/b0265zy/Rialto-AMD/npu/lib/kernels/inrange.py
2025-07-18 12:47:03,369 - Knowledge - INFO - Found code-base-name: https://github.com/Kavia-Admin/Rialto-AMD.git:main
2025-07-18 12:47:03,369 - Knowledge - INFO - Found code-base-name: https://github.com/Kavia-Admin/Rialto-AMD.git:main
2025-07-18 12:47:03,369 - Knowledge - INFO - Found code-base-name: https://github.com/Kavia-Admin/Rialto-AMD.git:main
2025-07-18 12:47:03,659 - Knowledge - INFO - Found code_base: <app.utils.kg_build.knowledge.KnowledgeCodeBase object at 0x7f32cffd1b90>
2025-07-18 12:47:03,370 - Knowledge - INFO - adding /app/data/b2c/122842/b0265zy/Rialto-AMD/npu/lib/kernels/cpp/gray2rgba_scalar.cpp to ingest queue
2025-07-18 12:47:03,467 - Knowledge - INFO - Found code_base: <app.utils.kg_build.knowledge.KnowledgeCodeBase object at 0x7f32cffd1b90>
2025-07-18 12:47:03,925 - Knowledge - INFO - persist ingested knowledge for /app/data/b2c/122842/b0265zy/Rialto-AMD/npu/lib/kernels/rgba2hue.py
2025-07-18 12:47:03,370 - Knowledge - INFO - worker kw12 pull /app/data/b2c/122842/b0265zy/Rialto-AMD/npu/lib/graphs/graph_1ct.py from ingest queue
2025-07-18 12:47:03,744 - Knowledge - INFO - persist ingested knowledge for /app/data/b2c/122842/b0265zy/Rialto-AMD/npu/lib/kernels/kernelgenerator.py
2025-07-18 12:47:03,829 - Knowledge - INFO - worker kw11 pull /app/data/b2c/122842/b0265zy/Rialto-AMD/npu/lib/graphs/image_looper_720p.py from ingest queue
2025-07-18 12:47:03,830 - Knowledge - INFO - Found code-base-name: https://github.com/Kavia-Admin/Rialto-AMD.git:main
2025-07-18 12:47:04,431 - Knowledge - INFO - Found code_base: <app.utils.kg_build.knowledge.KnowledgeCodeBase object at 0x7f32cffd1b90>
2025-07-18 12:47:04,051 - Knowledge - INFO - worker kw8 pull /app/data/b2c/122842/b0265zy/Rialto-AMD/npu/lib/applications/videoapps.py from ingest queue
2025-07-18 12:47:04,051 - Knowledge - INFO - worker kw14 pull /app/data/b2c/122842/b0265zy/Rialto-AMD/npu/lib/applications/binaries/color_threshold_v2_1080p.json from ingest queue
2025-07-18 12:47:04,165 - Knowledge - INFO - process ingested knowledge for /app/data/b2c/122842/b0265zy/Rialto-AMD/npu/lib/graphs/graph_1ct.py
2025-07-18 12:47:04,208 - Knowledge - INFO - adding /app/data/b2c/122842/b0265zy/Rialto-AMD/npu/lib/kernels/inverse.py to ingest queue
2025-07-18 12:47:04,420 - Knowledge - INFO - process ingested knowledge for /app/data/b2c/122842/b0265zy/Rialto-AMD/npu/lib/graphs/image_looper_720p.py
2025-07-18 12:47:03,583 - Knowledge - INFO - Found code_base: <app.utils.kg_build.knowledge.KnowledgeCodeBase object at 0x7f32cffd1b90>
2025-07-18 12:47:04,512 - Knowledge - INFO - persist ingested knowledge for /app/data/b2c/122842/b0265zy/Rialto-AMD/npu/lib/kernels/__init__.py
2025-07-18 12:47:04,667 - Knowledge - INFO - process ingested knowledge for /app/data/b2c/122842/b0265zy/Rialto-AMD/npu/lib/applications/videoapps.py
2025-07-18 12:47:04,780 - Knowledge - INFO - process ingested knowledge for /app/data/b2c/122842/b0265zy/Rialto-AMD/npu/lib/applications/binaries/color_threshold_v2_1080p.json
2025-07-18 12:47:05,080 - Knowledge - INFO - adding /app/data/b2c/122842/b0265zy/Rialto-AMD/npu/lib/kernels/cpp/rgba_rtp_thresh.cpp to ingest queue
2025-07-18 12:47:05,090 - Knowledge - INFO - persist ingested knowledge for /app/data/b2c/122842/b0265zy/Rialto-AMD/npu/lib/kernels/bitwiseor.py
2025-07-18 12:47:05,456 - Knowledge - INFO - adding /app/data/b2c/122842/b0265zy/Rialto-AMD/npu/lib/kernels/cpp/median.cpp to ingest queue
2025-07-18 12:47:05,637 - Knowledge - INFO - adding /app/data/b2c/122842/b0265zy/Rialto-AMD/npu/lib/kernels/cpp/rgba2gray_scalar.cpp to ingest queue
2025-07-18 12:47:05,723 - Knowledge - INFO - worker kw4 pull /app/data/b2c/122842/b0265zy/Rialto-AMD/npu/lib/applications/binaries/color_threshold_v2_720p.json from ingest queue
2025-07-18 12:47:05,725 - Knowledge - INFO - adding /app/data/b2c/122842/b0265zy/Rialto-AMD/npu/lib/kernels/inrange.py to ingest queue
2025-07-18 12:47:05,870 - Knowledge - INFO - process ingested knowledge for /app/data/b2c/122842/b0265zy/Rialto-AMD/npu/lib/applications/binaries/color_threshold_v2_720p.json
2025-07-18 12:47:05,973 - Knowledge - INFO - Found code-base-name: https://github.com/Kavia-Admin/Rialto-AMD.git:main
2025-07-18 12:47:05,974 - Knowledge - INFO - worker kw7 pull /app/data/b2c/122842/b0265zy/Rialto-AMD/npu/lib/applications/binaries/color_threshold_v1_720p.json from ingest queue
2025-07-18 12:47:05,974 - Knowledge - INFO - Found code-base-name: https://github.com/Kavia-Admin/Rialto-AMD.git:main
2025-07-18 12:47:06,312 - Knowledge - INFO - Found code_base: <app.utils.kg_build.knowledge.KnowledgeCodeBase object at 0x7f32cffd1b90>
2025-07-18 12:47:06,096 - Knowledge - INFO - Found code_base: <app.utils.kg_build.knowledge.KnowledgeCodeBase object at 0x7f32cffd1b90>
2025-07-18 12:47:06,271 - Knowledge - INFO - process ingested knowledge for /app/data/b2c/122842/b0265zy/Rialto-AMD/npu/lib/applications/binaries/color_threshold_v1_720p.json
2025-07-18 12:47:05,974 - Knowledge - INFO - adding /app/data/b2c/122842/b0265zy/Rialto-AMD/npu/lib/kernels/cpp/filter2d_scalar.h to ingest queue
2025-07-18 12:47:06,408 - Knowledge - INFO - persist ingested knowledge for /app/data/b2c/122842/b0265zy/Rialto-AMD/npu/lib/graphs/image_looper_720p.py
2025-07-18 12:47:06,488 - Knowledge - INFO - persist ingested knowledge for /app/data/b2c/122842/b0265zy/Rialto-AMD/npu/lib/graphs/graph_1ct.py
2025-07-18 12:47:06,720 - Knowledge - INFO - Found code-base-name: https://github.com/Kavia-Admin/Rialto-AMD.git:main
2025-07-18 12:47:06,914 - Knowledge - INFO - Found code_base: <app.utils.kg_build.knowledge.KnowledgeCodeBase object at 0x7f32cffd1b90>
2025-07-18 12:47:06,720 - Knowledge - INFO - worker kw2 pull /app/data/b2c/122842/b0265zy/Rialto-AMD/npu/lib/applications/binaries/color_threshold_v1_1080p.json from ingest queue
2025-07-18 12:47:06,803 - Knowledge - INFO - adding /app/data/b2c/122842/b0265zy/Rialto-AMD/npu/lib/kernels/bitwiseor.py to ingest queue
2025-07-18 12:47:06,720 - Knowledge - INFO - Found code-base-name: https://github.com/Kavia-Admin/Rialto-AMD.git:main
2025-07-18 12:47:07,005 - Knowledge - INFO - persist ingested knowledge for /app/data/b2c/122842/b0265zy/Rialto-AMD/npu/lib/applications/videoapps.py
2025-07-18 12:47:07,132 - Knowledge - INFO - process ingested knowledge for /app/data/b2c/122842/b0265zy/Rialto-AMD/npu/lib/applications/binaries/color_threshold_v1_1080p.json
2025-07-18 12:47:07,198 - Knowledge - INFO - worker kw5 pull /app/data/b2c/122842/b0265zy/Rialto-AMD/npu/lib/applications/binaries/edge_detect_720p.json from ingest queue
2025-07-18 12:47:07,199 - Knowledge - INFO - adding /app/data/b2c/122842/b0265zy/Rialto-AMD/npu/lib/kernels/rgba2hue.py to ingest queue
2025-07-18 12:47:07,279 - Knowledge - INFO - Found code_base: <app.utils.kg_build.knowledge.KnowledgeCodeBase object at 0x7f32cffd1b90>
2025-07-18 12:47:07,549 - Knowledge - INFO - process ingested knowledge for /app/data/b2c/122842/b0265zy/Rialto-AMD/npu/lib/applications/binaries/edge_detect_720p.json
2025-07-18 12:47:07,597 - Knowledge - INFO - Found code-base-name: https://github.com/Kavia-Admin/Rialto-AMD.git:main
2025-07-18 12:47:07,599 - Knowledge - INFO - Found code-base-name: https://github.com/Kavia-Admin/Rialto-AMD.git:main
2025-07-18 12:47:07,599 - Knowledge - INFO - worker kw9 pull /app/data/b2c/122842/b0265zy/Rialto-AMD/npu/lib/applications/binaries/edge_detect_1080p.json from ingest queue
2025-07-18 12:47:07,600 - Knowledge - INFO - adding /app/data/b2c/122842/b0265zy/Rialto-AMD/npu/lib/kernels/__init__.py to ingest queue
2025-07-18 12:47:07,678 - Knowledge - INFO - persist ingested knowledge for /app/data/b2c/122842/b0265zy/Rialto-AMD/npu/lib/applications/binaries/color_threshold_v2_1080p.json
2025-07-18 12:47:07,831 - Knowledge - INFO - Found code_base: <app.utils.kg_build.knowledge.KnowledgeCodeBase object at 0x7f32cffd1b90>
2025-07-18 12:47:07,937 - Knowledge - INFO - Found code_base: <app.utils.kg_build.knowledge.KnowledgeCodeBase object at 0x7f32cffd1b90>
2025-07-18 12:47:08,106 - Knowledge - INFO - process ingested knowledge for /app/data/b2c/122842/b0265zy/Rialto-AMD/npu/lib/applications/binaries/edge_detect_1080p.json
2025-07-18 12:47:08,210 - Knowledge - INFO - worker kw6 pull /app/data/b2c/122842/b0265zy/Rialto-AMD/npu/lib/applications/binaries/color_detect_1080p.json from ingest queue
2025-07-18 12:47:08,286 - Knowledge - INFO - persist ingested knowledge for /app/data/b2c/122842/b0265zy/Rialto-AMD/npu/lib/applications/binaries/color_threshold_v2_720p.json
2025-07-18 12:47:08,361 - Knowledge - INFO - persist ingested knowledge for /app/data/b2c/122842/b0265zy/Rialto-AMD/npu/lib/applications/binaries/color_threshold_v1_720p.json
2025-07-18 12:47:08,369 - Knowledge - INFO - adding /app/data/b2c/122842/b0265zy/Rialto-AMD/npu/lib/applications/videoapps.py to ingest queue
2025-07-18 12:47:08,595 - Knowledge - INFO - process ingested knowledge for /app/data/b2c/122842/b0265zy/Rialto-AMD/npu/lib/applications/binaries/color_detect_1080p.json
2025-07-18 12:47:08,778 - Knowledge - INFO - worker kw1 pull /app/data/b2c/122842/b0265zy/Rialto-AMD/npu/lib/applications/binaries/color_detect_720p.json from ingest queue
2025-07-18 12:47:08,780 - Knowledge - INFO - worker kw15 pull /app/data/b2c/122842/b0265zy/Rialto-AMD/npu/lib/applications/__init__.py from ingest queue
2025-07-18 12:47:08,781 - Knowledge - INFO - worker kw3 pull /app/data/b2c/122842/b0265zy/Rialto-AMD/npu/lib/__init__.py from ingest queue
2025-07-18 12:47:08,903 - Knowledge - INFO - adding /app/data/b2c/122842/b0265zy/Rialto-AMD/npu/lib/graphs/graph_1ct.py to ingest queue
2025-07-18 12:47:10,210 - Knowledge - INFO - process ingested knowledge for /app/data/b2c/122842/b0265zy/Rialto-AMD/npu/lib/applications/binaries/color_detect_720p.json
2025-07-18 12:47:10,295 - Knowledge - INFO - process ingested knowledge for /app/data/b2c/122842/b0265zy/Rialto-AMD/npu/lib/applications/__init__.py
2025-07-18 12:47:10,400 - Knowledge - INFO - process ingested knowledge for /app/data/b2c/122842/b0265zy/Rialto-AMD/npu/lib/__init__.py
2025-07-18 12:47:10,418 - Knowledge - INFO - worker kw10 pull /app/data/b2c/122842/b0265zy/Rialto-AMD/npu/__init__.py from ingest queue
2025-07-18 12:47:10,418 - Knowledge - INFO - worker kw12 pull /app/data/b2c/122842/b0265zy/Rialto-AMD/CONTRIBUTING.md from ingest queue
2025-07-18 12:47:10,419 - Knowledge - INFO - Found code-base-name: https://github.com/Kavia-Admin/Rialto-AMD.git:main
2025-07-18 12:47:10,532 - Knowledge - INFO - adding /app/data/b2c/122842/b0265zy/Rialto-AMD/npu/lib/applications/binaries/color_threshold_v1_720p.json to ingest queue
2025-07-18 12:47:11,093 - Knowledge - INFO - adding /app/data/b2c/122842/b0265zy/Rialto-AMD/npu/lib/kernels/kernelgenerator.py to ingest queue
2025-07-18 12:47:10,960 - Knowledge - INFO - process ingested knowledge for /app/data/b2c/122842/b0265zy/Rialto-AMD/CONTRIBUTING.md
2025-07-18 12:47:11,005 - Knowledge - INFO - Found code_base: <app.utils.kg_build.knowledge.KnowledgeCodeBase object at 0x7f32cffd1b90>
2025-07-18 12:47:10,881 - Knowledge - INFO - process ingested knowledge for /app/data/b2c/122842/b0265zy/Rialto-AMD/npu/__init__.py
2025-07-18 12:47:11,167 - Knowledge - INFO - worker kw8 pull /app/data/b2c/122842/b0265zy/Rialto-AMD/scripts/linux/xdna-driver-builder/build.sh from ingest queue
2025-07-18 12:47:11,168 - Knowledge - INFO - Found code-base-name: https://github.com/Kavia-Admin/Rialto-AMD.git:main
2025-07-18 12:47:11,168 - Knowledge - INFO - adding /app/data/b2c/122842/b0265zy/Rialto-AMD/npu/lib/applications/binaries/color_threshold_v2_1080p.json to ingest queue
2025-07-18 12:47:11,381 - Knowledge - INFO - persist ingested knowledge for /app/data/b2c/122842/b0265zy/Rialto-AMD/npu/lib/applications/binaries/color_threshold_v1_1080p.json
2025-07-18 12:47:11,580 - Knowledge - INFO - Thread kw8 - File build.sh - Remaining files in queue: 130
2025-07-18 12:47:11,664 - Knowledge - INFO - Found code_base: <app.utils.kg_build.knowledge.KnowledgeCodeBase object at 0x7f32cffd1b90>
2025-07-18 12:47:11,768 - Knowledge - INFO - Found code-base-name: https://github.com/Kavia-Admin/Rialto-AMD.git:main
2025-07-18 12:47:12,202 - Knowledge - INFO - Found code_base: <app.utils.kg_build.knowledge.KnowledgeCodeBase object at 0x7f32cffd1b90>
2025-07-18 12:47:12,287 - Knowledge - INFO - persist ingested knowledge for /app/data/b2c/122842/b0265zy/Rialto-AMD/npu/lib/applications/binaries/edge_detect_1080p.json
2025-07-18 12:47:11,876 - Knowledge - INFO - Found code-base-name: https://github.com/Kavia-Admin/Rialto-AMD.git:main
2025-07-18 12:47:11,877 - Knowledge - INFO - Found code-base-name: https://github.com/Kavia-Admin/Rialto-AMD.git:main
2025-07-18 12:47:11,877 - Knowledge - INFO - worker kw7 pull /app/data/b2c/122842/b0265zy/Rialto-AMD/scripts/linux/xdna-driver-builder/README.md from ingest queue
2025-07-18 12:47:12,635 - Knowledge - INFO - Thread kw7 - File README.md - Remaining files in queue: 128
2025-07-18 12:47:11,877 - Knowledge - INFO - Found code-base-name: https://github.com/Kavia-Admin/Rialto-AMD.git:main
2025-07-18 12:47:11,877 - Knowledge - INFO - worker kw14 pull /app/data/b2c/122842/b0265zy/Rialto-AMD/scripts/linux/run_pytest.sh from ingest queue
2025-07-18 12:47:11,942 - Knowledge - INFO - start ingest for /app/data/b2c/122842/b0265zy/Rialto-AMD/scripts/linux/xdna-driver-builder/build.sh
2025-07-18 12:47:12,025 - Knowledge - INFO - adding /app/data/b2c/122842/b0265zy/Rialto-AMD/npu/lib/applications/binaries/color_threshold_v1_1080p.json to ingest queue
2025-07-18 12:47:12,073 - Knowledge - INFO - persist ingested knowledge for /app/data/b2c/122842/b0265zy/Rialto-AMD/npu/lib/applications/binaries/color_detect_1080p.json
2025-07-18 12:47:11,876 - Knowledge - INFO - Found code-base-name: https://github.com/Kavia-Admin/Rialto-AMD.git:main
2025-07-18 12:47:13,329 - Knowledge - INFO - Found code_base: <app.utils.kg_build.knowledge.KnowledgeCodeBase object at 0x7f32cffd1b90>
2025-07-18 12:47:12,462 - Knowledge - INFO - Found code_base: <app.utils.kg_build.knowledge.KnowledgeCodeBase object at 0x7f32cffd1b90>
2025-07-18 12:47:12,557 - Knowledge - INFO - Found code_base: <app.utils.kg_build.knowledge.KnowledgeCodeBase object at 0x7f32cffd1b90>
2025-07-18 12:47:11,877 - Knowledge - INFO - worker kw13 pull /app/data/b2c/122842/b0265zy/Rialto-AMD/scripts/linux/launch_jupyter.sh from ingest queue
2025-07-18 12:47:12,742 - Knowledge - INFO - start ingest for /app/data/b2c/122842/b0265zy/Rialto-AMD/scripts/linux/xdna-driver-builder/README.md
2025-07-18 12:47:12,840 - Knowledge - INFO - Found code_base: <app.utils.kg_build.knowledge.KnowledgeCodeBase object at 0x7f32cffd1b90>
2025-07-18 12:47:12,945 - Knowledge - INFO - Thread kw14 - File run_pytest.sh - Remaining files in queue: 128
2025-07-18 12:47:13,172 - Knowledge - INFO - Found code-base-name: https://github.com/Kavia-Admin/Rialto-AMD.git:main
2025-07-18 12:47:13,174 - Knowledge - INFO - adding /app/data/b2c/122842/b0265zy/Rialto-AMD/npu/lib/applications/binaries/color_threshold_v2_720p.json to ingest queue
2025-07-18 12:47:11,876 - Knowledge - INFO - Found code-base-name: https://github.com/Kavia-Admin/Rialto-AMD.git:main
2025-07-18 12:47:13,431 - Knowledge - INFO - persist ingested knowledge for /app/data/b2c/122842/b0265zy/Rialto-AMD/npu/lib/applications/binaries/color_detect_720p.json
2025-07-18 12:47:13,517 - Knowledge - INFO - persist ingested knowledge for /app/data/b2c/122842/b0265zy/Rialto-AMD/npu/lib/applications/__init__.py
2025-07-18 12:47:13,619 - Knowledge - INFO - persist ingested knowledge for /app/data/b2c/122842/b0265zy/Rialto-AMD/npu/lib/__init__.py
2025-07-18 12:47:14,494 - Knowledge - INFO - Thread kw13 - File launch_jupyter.sh - Remaining files in queue: 129
2025-07-18 12:47:14,879 - Knowledge - INFO - persist ingested knowledge for /app/data/b2c/122842/b0265zy/Rialto-AMD/CONTRIBUTING.md
2025-07-18 12:47:14,999 - Knowledge - INFO - start ingest for /app/data/b2c/122842/b0265zy/Rialto-AMD/scripts/linux/run_pytest.sh
2025-07-18 12:47:15,090 - Knowledge - INFO - Found code_base: <app.utils.kg_build.knowledge.KnowledgeCodeBase object at 0x7f32cffd1b90>
2025-07-18 12:47:16,231 - Knowledge - INFO - persist ingested knowledge for /app/data/b2c/122842/b0265zy/Rialto-AMD/npu/__init__.py
2025-07-18 12:47:15,308 - Knowledge - INFO - Found code_base: <app.utils.kg_build.knowledge.KnowledgeCodeBase object at 0x7f32cffd1b90>
2025-07-18 12:47:15,915 - Knowledge - INFO - start ingest for /app/data/b2c/122842/b0265zy/Rialto-AMD/scripts/linux/launch_jupyter.sh
2025-07-18 12:47:15,226 - Knowledge - INFO - adding /app/data/b2c/122842/b0265zy/Rialto-AMD/npu/lib/graphs/image_looper_720p.py to ingest queue
2025-07-18 12:47:16,454 - Knowledge - INFO - persist ingested knowledge for /app/data/b2c/122842/b0265zy/Rialto-AMD/npu/lib/applications/binaries/edge_detect_720p.json
2025-07-18 12:47:16,724 - Knowledge - INFO - worker kw2 pull /app/data/b2c/122842/b0265zy/Rialto-AMD/scripts/linux/README.md from ingest queue
2025-07-18 12:47:16,726 - Knowledge - INFO - worker kw4 pull /app/data/b2c/122842/b0265zy/Rialto-AMD/scripts/linux/setup_riallto_linux.sh from ingest queue
2025-07-18 12:47:16,806 - Knowledge - INFO - Thread kw2 - File README.md - Remaining files in queue: 129
2025-07-18 12:47:16,926 - Knowledge - INFO - Thread kw4 - File setup_riallto_linux.sh - Remaining files in queue: 129
2025-07-18 12:47:17,032 - Knowledge - INFO - start ingest for /app/data/b2c/122842/b0265zy/Rialto-AMD/scripts/linux/README.md
2025-07-18 12:47:17,064 - Knowledge - INFO - done ingest for /app/data/b2c/122842/b0265zy/Rialto-AMD/scripts/linux/xdna-driver-builder/build.sh
2025-07-18 12:47:17,129 - Knowledge - INFO - start ingest for /app/data/b2c/122842/b0265zy/Rialto-AMD/scripts/linux/setup_riallto_linux.sh
2025-07-18 12:47:17,238 - Knowledge - INFO - worker kw11 pull /app/data/b2c/122842/b0265zy/Rialto-AMD/scripts/linux/create_container.sh from ingest queue
2025-07-18 12:47:17,311 - Knowledge - INFO - process ingested knowledge for /app/data/b2c/122842/b0265zy/Rialto-AMD/scripts/linux/xdna-driver-builder/build.sh
2025-07-18 12:47:17,391 - Knowledge - INFO - done ingest for /app/data/b2c/122842/b0265zy/Rialto-AMD/scripts/linux/xdna-driver-builder/README.md
2025-07-18 12:47:17,409 - Knowledge - INFO - adding /app/data/b2c/122842/b0265zy/Rialto-AMD/npu/lib/applications/binaries/edge_detect_1080p.json to ingest queue
2025-07-18 12:47:17,509 - Knowledge - INFO - Thread kw11 - File create_container.sh - Remaining files in queue: 128
2025-07-18 12:47:17,719 - Knowledge - INFO - process ingested knowledge for /app/data/b2c/122842/b0265zy/Rialto-AMD/scripts/linux/xdna-driver-builder/README.md
2025-07-18 12:47:17,888 - Knowledge - INFO - start ingest for /app/data/b2c/122842/b0265zy/Rialto-AMD/scripts/linux/create_container.sh
2025-07-18 12:47:17,965 - Knowledge - INFO - adding /app/data/b2c/122842/b0265zy/Rialto-AMD/npu/lib/applications/__init__.py to ingest queue
2025-07-18 12:47:18,127 - Knowledge - INFO - adding /app/data/b2c/122842/b0265zy/Rialto-AMD/npu/lib/__init__.py to ingest queue
2025-07-18 12:47:18,200 - Knowledge - INFO - adding /app/data/b2c/122842/b0265zy/Rialto-AMD/CONTRIBUTING.md to ingest queue
2025-07-18 12:47:18,319 - Knowledge - INFO - adding /app/data/b2c/122842/b0265zy/Rialto-AMD/npu/__init__.py to ingest queue
2025-07-18 12:47:18,530 - Knowledge - INFO - adding /app/data/b2c/122842/b0265zy/Rialto-AMD/npu/lib/applications/binaries/edge_detect_720p.json to ingest queue
2025-07-18 12:47:18,617 - Knowledge - INFO - Found code-base-name: https://github.com/Kavia-Admin/Rialto-AMD.git:main
2025-07-18 12:47:18,617 - Knowledge - INFO - worker kw9 pull /app/data/b2c/122842/b0265zy/Rialto-AMD/scripts/wsl/mlir_settings.sh from ingest queue
2025-07-18 12:47:18,793 - Knowledge - INFO - Thread kw9 - File mlir_settings.sh - Remaining files in queue: 133
2025-07-18 12:47:18,715 - Knowledge - INFO - Found code_base: <app.utils.kg_build.knowledge.KnowledgeCodeBase object at 0x7f32cffd1b90>
2025-07-18 12:47:18,619 - Knowledge - INFO - adding /app/data/b2c/122842/b0265zy/Rialto-AMD/npu/lib/applications/binaries/color_detect_720p.json to ingest queue
2025-07-18 12:47:18,888 - Knowledge - INFO - start ingest for /app/data/b2c/122842/b0265zy/Rialto-AMD/scripts/wsl/mlir_settings.sh
2025-07-18 12:47:18,985 - Knowledge - INFO - persist ingested knowledge for /app/data/b2c/122842/b0265zy/Rialto-AMD/scripts/linux/xdna-driver-builder/build.sh
2025-07-18 12:47:19,086 - Knowledge - INFO - worker kw1 pull /app/data/b2c/122842/b0265zy/Rialto-AMD/setup.py from ingest queue
2025-07-18 12:47:19,088 - Knowledge - INFO - worker kw3 pull /app/data/b2c/122842/b0265zy/Rialto-AMD/scripts/wsl/setup_env.sh from ingest queue
2025-07-18 12:47:19,440 - Knowledge - INFO - Thread kw3 - File setup_env.sh - Remaining files in queue: 129
2025-07-18 12:47:19,088 - Knowledge - INFO - worker kw5 pull /app/data/b2c/122842/b0265zy/Rialto-AMD/notebooks/Glossary.ipynb from ingest queue
2025-07-18 12:47:19,089 - Knowledge - INFO - worker kw12 pull /app/data/b2c/122842/b0265zy/Rialto-AMD/notebooks/3_1_Color_threshold_example.ipynb from ingest queue
2025-07-18 12:47:19,089 - Knowledge - INFO - adding /app/data/b2c/122842/b0265zy/Rialto-AMD/npu/lib/applications/binaries/color_detect_1080p.json to ingest queue
2025-07-18 12:47:19,362 - Knowledge - INFO - Thread kw1 - File setup.py - Remaining files in queue: 129
2025-07-18 12:47:19,088 - Knowledge - INFO - worker kw10 pull /app/data/b2c/122842/b0265zy/Rialto-AMD/scripts/wsl/ubuntu_deps.sh from ingest queue
2025-07-18 12:47:19,555 - Knowledge - INFO - start ingest for /app/data/b2c/122842/b0265zy/Rialto-AMD/scripts/wsl/setup_env.sh
2025-07-18 12:47:19,641 - Knowledge - INFO - Thread kw5 - File Glossary.ipynb - Remaining files in queue: 129
2025-07-18 12:47:19,717 - Knowledge - INFO - Thread kw12 - File 3_1_Color_threshold_example.ipynb - Remaining files in queue: 129
2025-07-18 12:47:19,832 - Knowledge - INFO - worker kw15 pull /app/data/b2c/122842/b0265zy/Rialto-AMD/notebooks/4_8_build_a_colorDetect_application.ipynb from ingest queue
2025-07-18 12:47:20,454 - Knowledge - INFO - Thread kw15 - File 4_8_build_a_colorDetect_application.ipynb - Remaining files in queue: 127
2025-07-18 12:47:20,071 - Knowledge - INFO - Thread kw10 - File ubuntu_deps.sh - Remaining files in queue: 129
2025-07-18 12:47:20,137 - Knowledge - INFO - done ingest for /app/data/b2c/122842/b0265zy/Rialto-AMD/scripts/linux/run_pytest.sh
2025-07-18 12:47:20,706 - Knowledge - INFO - process ingested knowledge for /app/data/b2c/122842/b0265zy/Rialto-AMD/scripts/linux/run_pytest.sh
2025-07-18 12:47:20,162 - Knowledge - INFO - Found code-base-name: https://github.com/Kavia-Admin/Rialto-AMD.git:main
2025-07-18 12:47:20,163 - Knowledge - INFO - worker kw6 pull /app/data/b2c/122842/b0265zy/Rialto-AMD/notebooks/3_5_Color_detect_example.ipynb from ingest queue
2025-07-18 12:47:20,287 - Knowledge - INFO - start ingest for /app/data/b2c/122842/b0265zy/Rialto-AMD/notebooks/Glossary.ipynb
2025-07-18 12:47:20,368 - Knowledge - INFO - start ingest for /app/data/b2c/122842/b0265zy/Rialto-AMD/notebooks/3_1_Color_threshold_example.ipynb
2025-07-18 12:47:19,928 - Knowledge - INFO - start ingest for /app/data/b2c/122842/b0265zy/Rialto-AMD/setup.py
2025-07-18 12:47:20,530 - Knowledge - INFO - start ingest for /app/data/b2c/122842/b0265zy/Rialto-AMD/notebooks/4_8_build_a_colorDetect_application.ipynb
2025-07-18 12:47:20,621 - Knowledge - INFO - start ingest for /app/data/b2c/122842/b0265zy/Rialto-AMD/scripts/wsl/ubuntu_deps.sh
2025-07-18 12:47:20,162 - Knowledge - INFO - worker kw8 pull /app/data/b2c/122842/b0265zy/Rialto-AMD/notebooks/1_1_ryzenai.ipynb from ingest queue
2025-07-18 12:47:20,828 - Knowledge - INFO - Found code-base-name: https://github.com/Kavia-Admin/Rialto-AMD.git:main
2025-07-18 12:47:20,907 - Knowledge - INFO - Found code_base: <app.utils.kg_build.knowledge.KnowledgeCodeBase object at 0x7f32cffd1b90>
2025-07-18 12:47:20,992 - Knowledge - INFO - Thread kw6 - File 3_5_Color_detect_example.ipynb - Remaining files in queue: 127
2025-07-18 12:47:21,597 - Knowledge - INFO - Thread kw8 - File 1_1_ryzenai.ipynb - Remaining files in queue: 127
2025-07-18 12:47:21,678 - Knowledge - INFO - Found code_base: <app.utils.kg_build.knowledge.KnowledgeCodeBase object at 0x7f32cffd1b90>
2025-07-18 12:47:21,790 - Knowledge - INFO - persist ingested knowledge for /app/data/b2c/122842/b0265zy/Rialto-AMD/scripts/linux/xdna-driver-builder/README.md
2025-07-18 12:47:21,879 - Knowledge - INFO - start ingest for /app/data/b2c/122842/b0265zy/Rialto-AMD/notebooks/3_5_Color_detect_example.ipynb
2025-07-18 12:47:21,972 - Knowledge - INFO - start ingest for /app/data/b2c/122842/b0265zy/Rialto-AMD/notebooks/1_1_ryzenai.ipynb
2025-07-18 12:47:22,107 - Knowledge - INFO - persist ingested knowledge for /app/data/b2c/122842/b0265zy/Rialto-AMD/scripts/linux/run_pytest.sh
2025-07-18 12:47:22,209 - Knowledge - INFO - done ingest for /app/data/b2c/122842/b0265zy/Rialto-AMD/scripts/linux/README.md
2025-07-18 12:47:22,430 - Knowledge - INFO - worker kw7 pull /app/data/b2c/122842/b0265zy/Rialto-AMD/notebooks/5_2_pytorch_onnx_re-train.ipynb from ingest queue
2025-07-18 12:47:22,571 - Knowledge - INFO - process ingested knowledge for /app/data/b2c/122842/b0265zy/Rialto-AMD/scripts/linux/README.md
2025-07-18 12:47:22,741 - Knowledge - INFO - done ingest for /app/data/b2c/122842/b0265zy/Rialto-AMD/scripts/linux/launch_jupyter.sh
2025-07-18 12:47:22,742 - Knowledge - INFO - Thread kw7 - File 5_2_pytorch_onnx_re-train.ipynb - Remaining files in queue: 126
2025-07-18 12:47:22,795 - Knowledge - INFO - worker kw14 pull /app/data/b2c/122842/b0265zy/Rialto-AMD/notebooks/4_4_threshold_kernel_with_vector_ops.ipynb from ingest queue
2025-07-18 12:47:22,859 - Knowledge - INFO - Found code-base-name: https://github.com/Kavia-Admin/Rialto-AMD.git:main
2025-07-18 12:47:23,267 - Knowledge - INFO - Found code_base: <app.utils.kg_build.knowledge.KnowledgeCodeBase object at 0x7f32cffd1b90>
2025-07-18 12:47:23,047 - Knowledge - INFO - start ingest for /app/data/b2c/122842/b0265zy/Rialto-AMD/notebooks/5_2_pytorch_onnx_re-train.ipynb
2025-07-18 12:47:23,143 - Knowledge - INFO - Thread kw14 - File 4_4_threshold_kernel_with_vector_ops.ipynb - Remaining files in queue: 125
2025-07-18 12:47:22,940 - Knowledge - INFO - process ingested knowledge for /app/data/b2c/122842/b0265zy/Rialto-AMD/scripts/linux/launch_jupyter.sh
2025-07-18 12:47:23,357 - Knowledge - INFO - persist ingested knowledge for /app/data/b2c/122842/b0265zy/Rialto-AMD/scripts/linux/README.md
2025-07-18 12:47:23,560 - Knowledge - INFO - start ingest for /app/data/b2c/122842/b0265zy/Rialto-AMD/notebooks/4_4_threshold_kernel_with_vector_ops.ipynb
2025-07-18 12:47:23,780 - Knowledge - INFO - Found code-base-name: https://github.com/Kavia-Admin/Rialto-AMD.git:main
2025-07-18 12:47:23,995 - Knowledge - INFO - Found code_base: <app.utils.kg_build.knowledge.KnowledgeCodeBase object at 0x7f32cffd1b90>
2025-07-18 12:47:24,100 - Knowledge - INFO - persist ingested knowledge for /app/data/b2c/122842/b0265zy/Rialto-AMD/scripts/linux/launch_jupyter.sh
2025-07-18 12:47:24,194 - Knowledge - INFO - worker kw2 pull /app/data/b2c/122842/b0265zy/Rialto-AMD/notebooks/3_2_Ryzenai_capabilities.ipynb from ingest queue
2025-07-18 12:47:24,315 - Knowledge - INFO - Thread kw2 - File 3_2_Ryzenai_capabilities.ipynb - Remaining files in queue: 124
2025-07-18 12:47:24,411 - Knowledge - INFO - start ingest for /app/data/b2c/122842/b0265zy/Rialto-AMD/notebooks/3_2_Ryzenai_capabilities.ipynb
2025-07-18 12:47:24,435 - Knowledge - INFO - worker kw13 pull /app/data/b2c/122842/b0265zy/Rialto-AMD/notebooks/4_7_using_the_memtile_in_your_applications.ipynb from ingest queue
2025-07-18 12:47:24,603 - Knowledge - INFO - Thread kw13 - File 4_7_using_the_memtile_in_your_applications.ipynb - Remaining files in queue: 123
2025-07-18 12:47:24,692 - Knowledge - INFO - start ingest for /app/data/b2c/122842/b0265zy/Rialto-AMD/notebooks/4_7_using_the_memtile_in_your_applications.ipynb
2025-07-18 12:47:25,651 - Knowledge - INFO - done ingest for /app/data/b2c/122842/b0265zy/Rialto-AMD/scripts/linux/setup_riallto_linux.sh
2025-07-18 12:47:25,719 - Knowledge - INFO - process ingested knowledge for /app/data/b2c/122842/b0265zy/Rialto-AMD/scripts/linux/setup_riallto_linux.sh
2025-07-18 12:47:25,816 - Knowledge - INFO - Found code-base-name: https://github.com/Kavia-Admin/Rialto-AMD.git:main
2025-07-18 12:47:25,932 - Knowledge - INFO - Found code_base: <app.utils.kg_build.knowledge.KnowledgeCodeBase object at 0x7f32cffd1b90>
2025-07-18 12:47:26,014 - Knowledge - INFO - persist ingested knowledge for /app/data/b2c/122842/b0265zy/Rialto-AMD/scripts/linux/setup_riallto_linux.sh
2025-07-18 12:47:26,791 - Knowledge - INFO - persist search terms embedding for scripts/linux/setup_riallto_linux.sh
2025-07-18 12:47:26,873 - Knowledge - INFO - worker kw4 pull /app/data/b2c/122842/b0265zy/Rialto-AMD/notebooks/1_0_Introduction.ipynb from ingest queue
2025-07-18 12:47:26,970 - Knowledge - INFO - Thread kw4 - File 1_0_Introduction.ipynb - Remaining files in queue: 122
2025-07-18 12:47:27,053 - Knowledge - INFO - start ingest for /app/data/b2c/122842/b0265zy/Rialto-AMD/notebooks/1_0_Introduction.ipynb
2025-07-18 12:47:27,567 - Knowledge - INFO - done ingest for /app/data/b2c/122842/b0265zy/Rialto-AMD/scripts/linux/create_container.sh
2025-07-18 12:47:27,678 - Knowledge - INFO - process ingested knowledge for /app/data/b2c/122842/b0265zy/Rialto-AMD/scripts/linux/create_container.sh
2025-07-18 12:47:27,802 - Knowledge - INFO - Found code-base-name: https://github.com/Kavia-Admin/Rialto-AMD.git:main
2025-07-18 12:47:27,893 - Knowledge - INFO - Found code_base: <app.utils.kg_build.knowledge.KnowledgeCodeBase object at 0x7f32cffd1b90>
2025-07-18 12:47:27,986 - Knowledge - INFO - persist ingested knowledge for /app/data/b2c/122842/b0265zy/Rialto-AMD/scripts/linux/create_container.sh
2025-07-18 12:47:28,244 - Knowledge - INFO - worker kw11 pull /app/data/b2c/122842/b0265zy/Rialto-AMD/notebooks/4_3_kernels_with_runtime_parameters.ipynb from ingest queue
2025-07-18 12:47:28,338 - Knowledge - INFO - Thread kw11 - File 4_3_kernels_with_runtime_parameters.ipynb - Remaining files in queue: 121
2025-07-18 12:47:28,443 - Knowledge - INFO - start ingest for /app/data/b2c/122842/b0265zy/Rialto-AMD/notebooks/4_3_kernels_with_runtime_parameters.ipynb
2025-07-18 12:47:30,573 - Knowledge - INFO - done ingest for /app/data/b2c/122842/b0265zy/Rialto-AMD/scripts/wsl/mlir_settings.sh
2025-07-18 12:47:30,652 - Knowledge - INFO - process ingested knowledge for /app/data/b2c/122842/b0265zy/Rialto-AMD/scripts/wsl/mlir_settings.sh
2025-07-18 12:47:30,757 - Knowledge - INFO - Found code-base-name: https://github.com/Kavia-Admin/Rialto-AMD.git:main
2025-07-18 12:47:30,835 - Knowledge - INFO - Found code_base: <app.utils.kg_build.knowledge.KnowledgeCodeBase object at 0x7f32cffd1b90>
2025-07-18 12:47:30,949 - Knowledge - INFO - persist ingested knowledge for /app/data/b2c/122842/b0265zy/Rialto-AMD/scripts/wsl/mlir_settings.sh
2025-07-18 12:47:31,207 - Knowledge - INFO - worker kw9 pull /app/data/b2c/122842/b0265zy/Rialto-AMD/notebooks/3_4_Edge_detect_example.ipynb from ingest queue
2025-07-18 12:47:31,319 - Knowledge - INFO - Thread kw9 - File 3_4_Edge_detect_example.ipynb - Remaining files in queue: 120
2025-07-18 12:47:31,405 - Knowledge - INFO - start ingest for /app/data/b2c/122842/b0265zy/Rialto-AMD/notebooks/3_4_Edge_detect_example.ipynb
2025-07-18 12:47:31,954 - Knowledge - INFO - done ingest for /app/data/b2c/122842/b0265zy/Rialto-AMD/notebooks/3_5_Color_detect_example.ipynb
2025-07-18 12:47:32,016 - Knowledge - INFO - process ingested knowledge for /app/data/b2c/122842/b0265zy/Rialto-AMD/notebooks/3_5_Color_detect_example.ipynb
2025-07-18 12:47:32,099 - Knowledge - INFO - Found code-base-name: https://github.com/Kavia-Admin/Rialto-AMD.git:main
2025-07-18 12:47:32,207 - Knowledge - INFO - Found code_base: <app.utils.kg_build.knowledge.KnowledgeCodeBase object at 0x7f32cffd1b90>
2025-07-18 12:47:32,325 - Knowledge - INFO - persist ingested knowledge for /app/data/b2c/122842/b0265zy/Rialto-AMD/notebooks/3_5_Color_detect_example.ipynb
2025-07-18 12:47:32,784 - Knowledge - INFO - worker kw6 pull /app/data/b2c/122842/b0265zy/Rialto-AMD/notebooks/4_5_describe_an_application.ipynb from ingest queue
2025-07-18 12:47:32,882 - Knowledge - INFO - Thread kw6 - File 4_5_describe_an_application.ipynb - Remaining files in queue: 119
2025-07-18 12:47:33,005 - Knowledge - INFO - start ingest for /app/data/b2c/122842/b0265zy/Rialto-AMD/notebooks/4_5_describe_an_application.ipynb
2025-07-18 12:47:34,216 - Knowledge - INFO - done ingest for /app/data/b2c/122842/b0265zy/Rialto-AMD/notebooks/Glossary.ipynb
2025-07-18 12:47:34,336 - Knowledge - INFO - process ingested knowledge for /app/data/b2c/122842/b0265zy/Rialto-AMD/notebooks/Glossary.ipynb
2025-07-18 12:47:34,456 - Knowledge - INFO - Found code-base-name: https://github.com/Kavia-Admin/Rialto-AMD.git:main
2025-07-18 12:47:34,610 - Knowledge - INFO - Found code_base: <app.utils.kg_build.knowledge.KnowledgeCodeBase object at 0x7f32cffd1b90>
2025-07-18 12:47:34,677 - Knowledge - INFO - done ingest for /app/data/b2c/122842/b0265zy/Rialto-AMD/scripts/wsl/setup_env.sh
2025-07-18 12:47:34,687 - Knowledge - INFO - persist ingested knowledge for /app/data/b2c/122842/b0265zy/Rialto-AMD/notebooks/Glossary.ipynb
2025-07-18 12:47:34,756 - Knowledge - INFO - process ingested knowledge for /app/data/b2c/122842/b0265zy/Rialto-AMD/scripts/wsl/setup_env.sh
2025-07-18 12:47:35,011 - Knowledge - INFO - worker kw5 pull /app/data/b2c/122842/b0265zy/Rialto-AMD/notebooks/5_1_pytorch_onnx_inference.ipynb from ingest queue
2025-07-18 12:47:35,013 - Knowledge - INFO - Found code-base-name: https://github.com/Kavia-Admin/Rialto-AMD.git:main
2025-07-18 12:47:35,101 - Knowledge - INFO - Thread kw5 - File 5_1_pytorch_onnx_inference.ipynb - Remaining files in queue: 118
2025-07-18 12:47:35,174 - Knowledge - INFO - Found code_base: <app.utils.kg_build.knowledge.KnowledgeCodeBase object at 0x7f32cffd1b90>
2025-07-18 12:47:35,263 - Knowledge - INFO - start ingest for /app/data/b2c/122842/b0265zy/Rialto-AMD/notebooks/5_1_pytorch_onnx_inference.ipynb
2025-07-18 12:47:35,362 - Knowledge - INFO - persist ingested knowledge for /app/data/b2c/122842/b0265zy/Rialto-AMD/scripts/wsl/setup_env.sh
2025-07-18 12:47:36,002 - Knowledge - INFO - persist search terms embedding for scripts/wsl/setup_env.sh
2025-07-18 12:47:36,071 - Knowledge - INFO - worker kw3 pull /app/data/b2c/122842/b0265zy/Rialto-AMD/notebooks/2_1_MS_Windows_Studio_Effects.ipynb from ingest queue
2025-07-18 12:47:36,172 - Knowledge - INFO - Thread kw3 - File 2_1_MS_Windows_Studio_Effects.ipynb - Remaining files in queue: 117
2025-07-18 12:47:36,273 - Knowledge - INFO - start ingest for /app/data/b2c/122842/b0265zy/Rialto-AMD/notebooks/2_1_MS_Windows_Studio_Effects.ipynb
2025-07-18 12:47:38,028 - Knowledge - INFO - done ingest for /app/data/b2c/122842/b0265zy/Rialto-AMD/notebooks/3_2_Ryzenai_capabilities.ipynb
2025-07-18 12:47:38,140 - Knowledge - INFO - process ingested knowledge for /app/data/b2c/122842/b0265zy/Rialto-AMD/notebooks/3_2_Ryzenai_capabilities.ipynb
2025-07-18 12:47:38,356 - Knowledge - INFO - Found code-base-name: https://github.com/Kavia-Admin/Rialto-AMD.git:main
2025-07-18 12:47:38,534 - Knowledge - INFO - Found code_base: <app.utils.kg_build.knowledge.KnowledgeCodeBase object at 0x7f32cffd1b90>
2025-07-18 12:47:38,696 - Knowledge - INFO - persist ingested knowledge for /app/data/b2c/122842/b0265zy/Rialto-AMD/notebooks/3_2_Ryzenai_capabilities.ipynb
2025-07-18 12:47:39,250 - Knowledge - INFO - worker kw2 pull /app/data/b2c/122842/b0265zy/Rialto-AMD/notebooks/4_2_write_your_kernel.ipynb from ingest queue
2025-07-18 12:47:39,412 - Knowledge - INFO - Thread kw2 - File 4_2_write_your_kernel.ipynb - Remaining files in queue: 116
2025-07-18 12:47:39,677 - Knowledge - INFO - start ingest for /app/data/b2c/122842/b0265zy/Rialto-AMD/notebooks/4_2_write_your_kernel.ipynb
2025-07-18 12:47:40,240 - Knowledge - INFO - done ingest for /app/data/b2c/122842/b0265zy/Rialto-AMD/scripts/wsl/ubuntu_deps.sh
2025-07-18 12:47:40,393 - Knowledge - INFO - process ingested knowledge for /app/data/b2c/122842/b0265zy/Rialto-AMD/scripts/wsl/ubuntu_deps.sh
2025-07-18 12:47:40,472 - Knowledge - INFO - done ingest for /app/data/b2c/122842/b0265zy/Rialto-AMD/setup.py
2025-07-18 12:47:40,601 - Knowledge - INFO - Found code-base-name: https://github.com/Kavia-Admin/Rialto-AMD.git:main
2025-07-18 12:47:40,801 - Knowledge - INFO - process ingested knowledge for /app/data/b2c/122842/b0265zy/Rialto-AMD/setup.py
2025-07-18 12:47:40,853 - Knowledge - INFO - Found code_base: <app.utils.kg_build.knowledge.KnowledgeCodeBase object at 0x7f32cffd1b90>
2025-07-18 12:47:41,007 - Knowledge - INFO - Found code-base-name: https://github.com/Kavia-Admin/Rialto-AMD.git:main
2025-07-18 12:47:41,090 - Knowledge - INFO - persist ingested knowledge for /app/data/b2c/122842/b0265zy/Rialto-AMD/scripts/wsl/ubuntu_deps.sh
2025-07-18 12:47:41,200 - Knowledge - INFO - Found code_base: <app.utils.kg_build.knowledge.KnowledgeCodeBase object at 0x7f32cffd1b90>
2025-07-18 12:47:41,264 - Knowledge - INFO - done ingest for /app/data/b2c/122842/b0265zy/Rialto-AMD/notebooks/1_1_ryzenai.ipynb
2025-07-18 12:47:41,388 - Knowledge - INFO - persist ingested knowledge for /app/data/b2c/122842/b0265zy/Rialto-AMD/setup.py
2025-07-18 12:47:41,500 - Knowledge - INFO - process ingested knowledge for /app/data/b2c/122842/b0265zy/Rialto-AMD/notebooks/1_1_ryzenai.ipynb
2025-07-18 12:47:41,777 - Knowledge - INFO - persist search terms embedding for scripts/wsl/ubuntu_deps.sh
2025-07-18 12:47:42,171 - Knowledge - INFO - done ingest for /app/data/b2c/122842/b0265zy/Rialto-AMD/notebooks/1_0_Introduction.ipynb
2025-07-18 12:47:42,264 - Knowledge - INFO - process ingested knowledge for /app/data/b2c/122842/b0265zy/Rialto-AMD/notebooks/1_0_Introduction.ipynb
2025-07-18 12:47:42,573 - Knowledge - INFO - done ingest for /app/data/b2c/122842/b0265zy/Rialto-AMD/notebooks/5_2_pytorch_onnx_re-train.ipynb
2025-07-18 12:47:42,660 - Knowledge - INFO - persist search terms embedding for setup.py
2025-07-18 12:47:42,708 - Knowledge - INFO - process ingested knowledge for /app/data/b2c/122842/b0265zy/Rialto-AMD/notebooks/5_2_pytorch_onnx_re-train.ipynb
2025-07-18 12:47:42,830 - Knowledge - INFO - Found code-base-name: https://github.com/Kavia-Admin/Rialto-AMD.git:main
2025-07-18 12:47:42,833 - Knowledge - INFO - worker kw10 pull /app/data/b2c/122842/b0265zy/Rialto-AMD/notebooks/onnx/vaip_config.json from ingest queue
2025-07-18 12:47:42,837 - Knowledge - INFO - Found code-base-name: https://github.com/Kavia-Admin/Rialto-AMD.git:main
2025-07-18 12:47:42,842 - Knowledge - INFO - worker kw1 pull /app/data/b2c/122842/b0265zy/Rialto-AMD/notebooks/3_3_Scaled_color_threshold_example.ipynb from ingest queue
2025-07-18 12:47:43,257 - Knowledge - INFO - Thread kw1 - File 3_3_Scaled_color_threshold_example.ipynb - Remaining files in queue: 114
2025-07-18 12:47:43,014 - Knowledge - INFO - Found code_base: <app.utils.kg_build.knowledge.KnowledgeCodeBase object at 0x7f32cffd1b90>
2025-07-18 12:47:43,086 - Knowledge - INFO - Thread kw10 - File vaip_config.json - Remaining files in queue: 114
2025-07-18 12:47:43,169 - Knowledge - INFO - Found code_base: <app.utils.kg_build.knowledge.KnowledgeCodeBase object at 0x7f32cffd1b90>
2025-07-18 12:47:42,944 - Knowledge - INFO - Found code-base-name: https://github.com/Kavia-Admin/Rialto-AMD.git:main
2025-07-18 12:47:43,356 - Knowledge - INFO - start ingest for /app/data/b2c/122842/b0265zy/Rialto-AMD/notebooks/3_3_Scaled_color_threshold_example.ipynb
2025-07-18 12:47:43,442 - Knowledge - INFO - persist ingested knowledge for /app/data/b2c/122842/b0265zy/Rialto-AMD/notebooks/1_1_ryzenai.ipynb
2025-07-18 12:47:43,581 - Knowledge - INFO - start ingest for /app/data/b2c/122842/b0265zy/Rialto-AMD/notebooks/onnx/vaip_config.json
2025-07-18 12:47:43,682 - Knowledge - INFO - persist ingested knowledge for /app/data/b2c/122842/b0265zy/Rialto-AMD/notebooks/1_0_Introduction.ipynb
2025-07-18 12:47:43,755 - Knowledge - INFO - Found code_base: <app.utils.kg_build.knowledge.KnowledgeCodeBase object at 0x7f32cffd1b90>
2025-07-18 12:47:44,045 - Knowledge - INFO - worker kw8 pull /app/data/b2c/122842/b0265zy/Rialto-AMD/README.md from ingest queue
2025-07-18 12:47:44,216 - Knowledge - INFO - persist ingested knowledge for /app/data/b2c/122842/b0265zy/Rialto-AMD/notebooks/5_2_pytorch_onnx_re-train.ipynb
2025-07-18 12:47:44,263 - Knowledge - INFO - worker kw4 pull /app/data/b2c/122842/b0265zy/Rialto-AMD/tests/test_multi_load_app.py from ingest queue
2025-07-18 12:47:44,286 - Knowledge - INFO - Thread kw8 - File README.md - Remaining files in queue: 112
2025-07-18 12:47:44,480 - Knowledge - INFO - Thread kw4 - File test_multi_load_app.py - Remaining files in queue: 112
2025-07-18 12:47:44,687 - Knowledge - INFO - start ingest for /app/data/b2c/122842/b0265zy/Rialto-AMD/tests/test_multi_load_app.py
2025-07-18 12:47:44,595 - Knowledge - INFO - worker kw7 pull /app/data/b2c/122842/b0265zy/Rialto-AMD/notebooks/4_6_build_application.ipynb from ingest queue
2025-07-18 12:47:44,584 - Knowledge - INFO - start ingest for /app/data/b2c/122842/b0265zy/Rialto-AMD/README.md
2025-07-18 12:47:44,909 - Knowledge - INFO - Thread kw7 - File 4_6_build_application.ipynb - Remaining files in queue: 111
2025-07-18 12:47:45,078 - Knowledge - INFO - start ingest for /app/data/b2c/122842/b0265zy/Rialto-AMD/notebooks/4_6_build_application.ipynb
2025-07-18 12:47:45,321 - Knowledge - INFO - done ingest for /app/data/b2c/122842/b0265zy/Rialto-AMD/notebooks/3_4_Edge_detect_example.ipynb
2025-07-18 12:47:45,411 - Knowledge - INFO - process ingested knowledge for /app/data/b2c/122842/b0265zy/Rialto-AMD/notebooks/3_4_Edge_detect_example.ipynb
2025-07-18 12:47:45,490 - Knowledge - INFO - Found code-base-name: https://github.com/Kavia-Admin/Rialto-AMD.git:main
2025-07-18 12:47:45,576 - Knowledge - INFO - Found code_base: <app.utils.kg_build.knowledge.KnowledgeCodeBase object at 0x7f32cffd1b90>
2025-07-18 12:47:45,662 - Knowledge - INFO - persist ingested knowledge for /app/data/b2c/122842/b0265zy/Rialto-AMD/notebooks/3_4_Edge_detect_example.ipynb
2025-07-18 12:47:45,960 - Knowledge - INFO - worker kw9 pull /app/data/b2c/122842/b0265zy/Rialto-AMD/tests/test_visualization.py from ingest queue
2025-07-18 12:47:46,036 - Knowledge - INFO - Thread kw9 - File test_visualization.py - Remaining files in queue: 110
2025-07-18 12:47:46,126 - Knowledge - INFO - start ingest for /app/data/b2c/122842/b0265zy/Rialto-AMD/tests/test_visualization.py
2025-07-18 12:47:49,410 - Knowledge - INFO - done ingest for /app/data/b2c/122842/b0265zy/Rialto-AMD/notebooks/2_1_MS_Windows_Studio_Effects.ipynb
2025-07-18 12:47:49,489 - Knowledge - INFO - process ingested knowledge for /app/data/b2c/122842/b0265zy/Rialto-AMD/notebooks/2_1_MS_Windows_Studio_Effects.ipynb
2025-07-18 12:47:49,570 - Knowledge - INFO - Found code-base-name: https://github.com/Kavia-Admin/Rialto-AMD.git:main
2025-07-18 12:47:49,659 - Knowledge - INFO - Found code_base: <app.utils.kg_build.knowledge.KnowledgeCodeBase object at 0x7f32cffd1b90>
2025-07-18 12:47:49,729 - Knowledge - INFO - persist ingested knowledge for /app/data/b2c/122842/b0265zy/Rialto-AMD/notebooks/2_1_MS_Windows_Studio_Effects.ipynb
2025-07-18 12:47:50,047 - Knowledge - INFO - worker kw3 pull /app/data/b2c/122842/b0265zy/Rialto-AMD/tests/test_memtile_float.py from ingest queue
2025-07-18 12:47:50,131 - Knowledge - INFO - Thread kw3 - File test_memtile_float.py - Remaining files in queue: 109
2025-07-18 12:47:50,206 - Knowledge - INFO - start ingest for /app/data/b2c/122842/b0265zy/Rialto-AMD/tests/test_memtile_float.py
2025-07-18 12:47:52,546 - Knowledge - INFO - done ingest for /app/data/b2c/122842/b0265zy/Rialto-AMD/notebooks/4_8_build_a_colorDetect_application.ipynb
2025-07-18 12:47:52,649 - Knowledge - INFO - process ingested knowledge for /app/data/b2c/122842/b0265zy/Rialto-AMD/notebooks/4_8_build_a_colorDetect_application.ipynb
2025-07-18 12:47:52,758 - Knowledge - INFO - Found code-base-name: https://github.com/Kavia-Admin/Rialto-AMD.git:main
2025-07-18 12:47:52,863 - Knowledge - INFO - Found code_base: <app.utils.kg_build.knowledge.KnowledgeCodeBase object at 0x7f32cffd1b90>
2025-07-18 12:47:52,957 - Knowledge - INFO - persist ingested knowledge for /app/data/b2c/122842/b0265zy/Rialto-AMD/notebooks/4_8_build_a_colorDetect_application.ipynb
2025-07-18 12:47:53,208 - Knowledge - INFO - worker kw15 pull /app/data/b2c/122842/b0265zy/Rialto-AMD/tests/test_kernels_source_code.py from ingest queue
2025-07-18 12:47:53,301 - Knowledge - INFO - Thread kw15 - File test_kernels_source_code.py - Remaining files in queue: 108
2025-07-18 12:47:53,374 - Knowledge - INFO - start ingest for /app/data/b2c/122842/b0265zy/Rialto-AMD/tests/test_kernels_source_code.py
2025-07-18 12:47:55,091 - Knowledge - INFO - done ingest for /app/data/b2c/122842/b0265zy/Rialto-AMD/notebooks/4_5_describe_an_application.ipynb
2025-07-18 12:47:55,157 - Knowledge - INFO - process ingested knowledge for /app/data/b2c/122842/b0265zy/Rialto-AMD/notebooks/4_5_describe_an_application.ipynb
2025-07-18 12:47:55,262 - Knowledge - INFO - Found code-base-name: https://github.com/Kavia-Admin/Rialto-AMD.git:main
2025-07-18 12:47:55,378 - Knowledge - INFO - Found code_base: <app.utils.kg_build.knowledge.KnowledgeCodeBase object at 0x7f32cffd1b90>
2025-07-18 12:47:55,456 - Knowledge - INFO - persist ingested knowledge for /app/data/b2c/122842/b0265zy/Rialto-AMD/notebooks/4_5_describe_an_application.ipynb
2025-07-18 12:47:55,705 - Knowledge - ERROR - Exception servicing ingest queue 'search-terms'
2025-07-18 12:47:55,822 - Knowledge - INFO - worker kw6 pull /app/data/b2c/122842/b0265zy/Rialto-AMD/notebooks/4_1_software_framework.ipynb from ingest queue
2025-07-18 12:47:55,936 - Knowledge - INFO - Thread kw6 - File 4_1_software_framework.ipynb - Remaining files in queue: 107
2025-07-18 12:47:56,015 - Knowledge - INFO - start ingest for /app/data/b2c/122842/b0265zy/Rialto-AMD/notebooks/4_1_software_framework.ipynb
2025-07-18 12:47:56,679 - Knowledge - INFO - done ingest for /app/data/b2c/122842/b0265zy/Rialto-AMD/notebooks/onnx/vaip_config.json
2025-07-18 12:47:56,773 - Knowledge - INFO - process ingested knowledge for /app/data/b2c/122842/b0265zy/Rialto-AMD/notebooks/onnx/vaip_config.json
2025-07-18 12:47:56,888 - Knowledge - INFO - Found code-base-name: https://github.com/Kavia-Admin/Rialto-AMD.git:main
2025-07-18 12:47:57,009 - Knowledge - INFO - Found code_base: <app.utils.kg_build.knowledge.KnowledgeCodeBase object at 0x7f32cffd1b90>
2025-07-18 12:47:57,133 - Knowledge - INFO - persist ingested knowledge for /app/data/b2c/122842/b0265zy/Rialto-AMD/notebooks/onnx/vaip_config.json
2025-07-18 12:47:57,421 - Knowledge - INFO - worker kw10 pull /app/data/b2c/122842/b0265zy/Rialto-AMD/tests/test_aietiles.py from ingest queue
2025-07-18 12:47:57,519 - Knowledge - INFO - Thread kw10 - File test_aietiles.py - Remaining files in queue: 106
2025-07-18 12:47:57,604 - Knowledge - INFO - start ingest for /app/data/b2c/122842/b0265zy/Rialto-AMD/tests/test_aietiles.py
2025-07-18 12:47:58,493 - Knowledge - INFO - done ingest for /app/data/b2c/122842/b0265zy/Rialto-AMD/README.md
2025-07-18 12:47:58,623 - Knowledge - INFO - process ingested knowledge for /app/data/b2c/122842/b0265zy/Rialto-AMD/README.md
2025-07-18 12:47:58,726 - Knowledge - INFO - Found code-base-name: https://github.com/Kavia-Admin/Rialto-AMD.git:main
2025-07-18 12:47:58,862 - Knowledge - INFO - Found code_base: <app.utils.kg_build.knowledge.KnowledgeCodeBase object at 0x7f32cffd1b90>
2025-07-18 12:47:58,991 - Knowledge - INFO - persist ingested knowledge for /app/data/b2c/122842/b0265zy/Rialto-AMD/README.md
2025-07-18 12:47:59,381 - Knowledge - INFO - done ingest for /app/data/b2c/122842/b0265zy/Rialto-AMD/notebooks/3_3_Scaled_color_threshold_example.ipynb
2025-07-18 12:47:59,536 - Knowledge - INFO - process ingested knowledge for /app/data/b2c/122842/b0265zy/Rialto-AMD/notebooks/3_3_Scaled_color_threshold_example.ipynb
2025-07-18 12:47:59,676 - Knowledge - INFO - worker kw8 pull /app/data/b2c/122842/b0265zy/Rialto-AMD/tests/test_ittiles.py from ingest queue
2025-07-18 12:47:59,846 - Knowledge - INFO - Thread kw8 - File test_ittiles.py - Remaining files in queue: 105
2025-07-18 12:47:59,967 - Knowledge - INFO - start ingest for /app/data/b2c/122842/b0265zy/Rialto-AMD/tests/test_ittiles.py
2025-07-18 12:47:59,710 - Knowledge - INFO - Found code-base-name: https://github.com/Kavia-Admin/Rialto-AMD.git:main
2025-07-18 12:48:00,208 - Knowledge - INFO - Found code_base: <app.utils.kg_build.knowledge.KnowledgeCodeBase object at 0x7f32cffd1b90>
2025-07-18 12:48:00,432 - Knowledge - INFO - persist ingested knowledge for /app/data/b2c/122842/b0265zy/Rialto-AMD/notebooks/3_3_Scaled_color_threshold_example.ipynb
2025-07-18 12:48:01,005 - Knowledge - INFO - worker kw1 pull /app/data/b2c/122842/b0265zy/Rialto-AMD/tests/test_header_files.py from ingest queue
2025-07-18 12:48:01,739 - Knowledge - INFO - Thread kw1 - File test_header_files.py - Remaining files in queue: 104
2025-07-18 12:48:01,876 - Knowledge - INFO - start ingest for /app/data/b2c/122842/b0265zy/Rialto-AMD/tests/test_header_files.py
2025-07-18 12:48:04,294 - Knowledge - INFO - done ingest for /app/data/b2c/122842/b0265zy/Rialto-AMD/tests/test_multi_load_app.py
2025-07-18 12:48:04,528 - Knowledge - INFO - process ingested knowledge for /app/data/b2c/122842/b0265zy/Rialto-AMD/tests/test_multi_load_app.py
2025-07-18 12:48:04,721 - Knowledge - INFO - Found code-base-name: https://github.com/Kavia-Admin/Rialto-AMD.git:main
2025-07-18 12:48:04,844 - Knowledge - INFO - Found code_base: <app.utils.kg_build.knowledge.KnowledgeCodeBase object at 0x7f32cffd1b90>
2025-07-18 12:48:04,932 - Knowledge - INFO - persist ingested knowledge for /app/data/b2c/122842/b0265zy/Rialto-AMD/tests/test_multi_load_app.py
2025-07-18 12:48:06,140 - Knowledge - INFO - persist search terms embedding for tests/test_multi_load_app.py
2025-07-18 12:48:06,270 - Knowledge - INFO - worker kw4 pull /app/data/b2c/122842/b0265zy/Rialto-AMD/tests/test_kernel_fusion.py from ingest queue
2025-07-18 12:48:06,398 - Knowledge - INFO - Thread kw4 - File test_kernel_fusion.py - Remaining files in queue: 103
2025-07-18 12:48:06,540 - Knowledge - INFO - start ingest for /app/data/b2c/122842/b0265zy/Rialto-AMD/tests/test_kernel_fusion.py
2025-07-18 12:48:11,462 - Knowledge - INFO - done ingest for /app/data/b2c/122842/b0265zy/Rialto-AMD/tests/test_visualization.py
2025-07-18 12:48:11,690 - Knowledge - INFO - process ingested knowledge for /app/data/b2c/122842/b0265zy/Rialto-AMD/tests/test_visualization.py
2025-07-18 12:48:11,913 - Knowledge - INFO - Found code-base-name: https://github.com/Kavia-Admin/Rialto-AMD.git:main
2025-07-18 12:48:12,054 - Knowledge - INFO - Found code_base: <app.utils.kg_build.knowledge.KnowledgeCodeBase object at 0x7f32cffd1b90>
2025-07-18 12:48:12,177 - Knowledge - INFO - persist ingested knowledge for /app/data/b2c/122842/b0265zy/Rialto-AMD/tests/test_visualization.py
2025-07-18 12:48:12,439 - Knowledge - INFO - done ingest for /app/data/b2c/122842/b0265zy/Rialto-AMD/notebooks/3_1_Color_threshold_example.ipynb
2025-07-18 12:48:12,526 - Knowledge - INFO - process ingested knowledge for /app/data/b2c/122842/b0265zy/Rialto-AMD/notebooks/3_1_Color_threshold_example.ipynb
2025-07-18 12:48:13,834 - Knowledge - INFO - persist search terms embedding for tests/test_visualization.py
2025-07-18 12:48:13,960 - Knowledge - INFO - Found code-base-name: https://github.com/Kavia-Admin/Rialto-AMD.git:main
2025-07-18 12:48:13,988 - Knowledge - INFO - worker kw9 pull /app/data/b2c/122842/b0265zy/Rialto-AMD/tests/test_multibuffers.py from ingest queue
2025-07-18 12:48:14,185 - Knowledge - INFO - Found code_base: <app.utils.kg_build.knowledge.KnowledgeCodeBase object at 0x7f32cffd1b90>
2025-07-18 12:48:14,366 - Knowledge - INFO - Thread kw9 - File test_multibuffers.py - Remaining files in queue: 102
2025-07-18 12:48:14,525 - Knowledge - INFO - persist ingested knowledge for /app/data/b2c/122842/b0265zy/Rialto-AMD/notebooks/3_1_Color_threshold_example.ipynb
2025-07-18 12:48:14,696 - Knowledge - INFO - start ingest for /app/data/b2c/122842/b0265zy/Rialto-AMD/tests/test_multibuffers.py
2025-07-18 12:48:15,409 - Knowledge - INFO - worker kw12 pull /app/data/b2c/122842/b0265zy/Rialto-AMD/tests/test_paths.py from ingest queue
2025-07-18 12:48:15,506 - Knowledge - INFO - Thread kw12 - File test_paths.py - Remaining files in queue: 101
2025-07-18 12:48:15,660 - Knowledge - INFO - start ingest for /app/data/b2c/122842/b0265zy/Rialto-AMD/tests/test_paths.py
2025-07-18 12:48:16,535 - Knowledge - INFO - done ingest for /app/data/b2c/122842/b0265zy/Rialto-AMD/notebooks/4_1_software_framework.ipynb
2025-07-18 12:48:16,671 - Knowledge - INFO - process ingested knowledge for /app/data/b2c/122842/b0265zy/Rialto-AMD/notebooks/4_1_software_framework.ipynb
2025-07-18 12:48:16,739 - Knowledge - INFO - done ingest for /app/data/b2c/122842/b0265zy/Rialto-AMD/tests/test_kernels_source_code.py
2025-07-18 12:48:16,833 - Knowledge - INFO - Found code-base-name: https://github.com/Kavia-Admin/Rialto-AMD.git:main
2025-07-18 12:48:17,026 - Knowledge - INFO - Found code_base: <app.utils.kg_build.knowledge.KnowledgeCodeBase object at 0x7f32cffd1b90>
2025-07-18 12:48:16,999 - Knowledge - INFO - process ingested knowledge for /app/data/b2c/122842/b0265zy/Rialto-AMD/tests/test_kernels_source_code.py
2025-07-18 12:48:17,133 - Knowledge - INFO - persist ingested knowledge for /app/data/b2c/122842/b0265zy/Rialto-AMD/notebooks/4_1_software_framework.ipynb
2025-07-18 12:48:17,345 - Knowledge - INFO - Found code-base-name: https://github.com/Kavia-Admin/Rialto-AMD.git:main
2025-07-18 12:48:17,370 - Knowledge - INFO - done ingest for /app/data/b2c/122842/b0265zy/Rialto-AMD/notebooks/4_4_threshold_kernel_with_vector_ops.ipynb
2025-07-18 12:48:17,674 - Knowledge - INFO - Found code_base: <app.utils.kg_build.knowledge.KnowledgeCodeBase object at 0x7f32cffd1b90>
2025-07-18 12:48:17,822 - Knowledge - INFO - process ingested knowledge for /app/data/b2c/122842/b0265zy/Rialto-AMD/notebooks/4_4_threshold_kernel_with_vector_ops.ipynb
2025-07-18 12:48:17,925 - Knowledge - INFO - worker kw6 pull /app/data/b2c/122842/b0265zy/Rialto-AMD/tests/test_kernels_build.py from ingest queue
2025-07-18 12:48:18,006 - Knowledge - INFO - persist ingested knowledge for /app/data/b2c/122842/b0265zy/Rialto-AMD/tests/test_kernels_source_code.py
2025-07-18 12:48:18,221 - Knowledge - INFO - Found code-base-name: https://github.com/Kavia-Admin/Rialto-AMD.git:main
2025-07-18 12:48:18,265 - Knowledge - INFO - Thread kw6 - File test_kernels_build.py - Remaining files in queue: 100
2025-07-18 12:48:18,582 - Knowledge - INFO - Found code_base: <app.utils.kg_build.knowledge.KnowledgeCodeBase object at 0x7f32cffd1b90>
2025-07-18 12:48:18,715 - Knowledge - INFO - start ingest for /app/data/b2c/122842/b0265zy/Rialto-AMD/tests/test_kernels_build.py
2025-07-18 12:48:18,826 - Knowledge - INFO - persist ingested knowledge for /app/data/b2c/122842/b0265zy/Rialto-AMD/notebooks/4_4_threshold_kernel_with_vector_ops.ipynb
2025-07-18 12:48:18,959 - Knowledge - INFO - worker kw15 pull /app/data/b2c/122842/b0265zy/Rialto-AMD/tests/test_videoapps.py from ingest queue
2025-07-18 12:48:19,271 - Knowledge - INFO - Thread kw15 - File test_videoapps.py - Remaining files in queue: 99
2025-07-18 12:48:19,336 - Knowledge - INFO - start ingest for /app/data/b2c/122842/b0265zy/Rialto-AMD/tests/test_videoapps.py
2025-07-18 12:48:19,643 - Knowledge - INFO - worker kw14 pull /app/data/b2c/122842/b0265zy/Rialto-AMD/tests/test_alldatatypes.py from ingest queue
2025-07-18 12:48:19,723 - Knowledge - INFO - Thread kw14 - File test_alldatatypes.py - Remaining files in queue: 98
2025-07-18 12:48:19,856 - Knowledge - INFO - start ingest for /app/data/b2c/122842/b0265zy/Rialto-AMD/tests/test_alldatatypes.py
2025-07-18 12:48:20,300 - Knowledge - INFO - done ingest for /app/data/b2c/122842/b0265zy/Rialto-AMD/tests/test_header_files.py
2025-07-18 12:48:20,733 - Knowledge - INFO - process ingested knowledge for /app/data/b2c/122842/b0265zy/Rialto-AMD/tests/test_header_files.py
2025-07-18 12:48:20,939 - Knowledge - INFO - Found code-base-name: https://github.com/Kavia-Admin/Rialto-AMD.git:main
2025-07-18 12:48:21,022 - Knowledge - INFO - Found code_base: <app.utils.kg_build.knowledge.KnowledgeCodeBase object at 0x7f32cffd1b90>
2025-07-18 12:48:21,147 - Knowledge - INFO - persist ingested knowledge for /app/data/b2c/122842/b0265zy/Rialto-AMD/tests/test_header_files.py
2025-07-18 12:48:22,260 - Knowledge - INFO - done ingest for /app/data/b2c/122842/b0265zy/Rialto-AMD/tests/test_memtile_float.py
2025-07-18 12:48:22,636 - Knowledge - INFO - process ingested knowledge for /app/data/b2c/122842/b0265zy/Rialto-AMD/tests/test_memtile_float.py
2025-07-18 12:48:22,738 - Knowledge - INFO - persist search terms embedding for tests/test_header_files.py
2025-07-18 12:48:22,854 - Knowledge - INFO - Found code-base-name: https://github.com/Kavia-Admin/Rialto-AMD.git:main
2025-07-18 12:48:22,997 - Knowledge - INFO - Found code_base: <app.utils.kg_build.knowledge.KnowledgeCodeBase object at 0x7f32cffd1b90>
2025-07-18 12:48:22,955 - Knowledge - INFO - worker kw1 pull /app/data/b2c/122842/b0265zy/Rialto-AMD/tests/test_onnx.py from ingest queue
2025-07-18 12:48:23,271 - Knowledge - INFO - Thread kw1 - File test_onnx.py - Remaining files in queue: 97
2025-07-18 12:48:23,136 - Knowledge - INFO - persist ingested knowledge for /app/data/b2c/122842/b0265zy/Rialto-AMD/tests/test_memtile_float.py
2025-07-18 12:48:23,421 - Knowledge - INFO - start ingest for /app/data/b2c/122842/b0265zy/Rialto-AMD/tests/test_onnx.py
2025-07-18 12:48:24,221 - Knowledge - INFO - persist search terms embedding for tests/test_memtile_float.py
2025-07-18 12:48:24,360 - Knowledge - INFO - worker kw3 pull /app/data/b2c/122842/b0265zy/Rialto-AMD/tests/test_singlekernel.py from ingest queue
2025-07-18 12:48:24,444 - Knowledge - INFO - Thread kw3 - File test_singlekernel.py - Remaining files in queue: 96
2025-07-18 12:48:24,559 - Knowledge - INFO - start ingest for /app/data/b2c/122842/b0265zy/Rialto-AMD/tests/test_singlekernel.py
2025-07-18 12:48:27,464 - Knowledge - INFO - done ingest for /app/data/b2c/122842/b0265zy/Rialto-AMD/tests/test_aietiles.py
2025-07-18 12:48:27,724 - Knowledge - INFO - process ingested knowledge for /app/data/b2c/122842/b0265zy/Rialto-AMD/tests/test_aietiles.py
2025-07-18 12:48:27,742 - Knowledge - INFO - done ingest for /app/data/b2c/122842/b0265zy/Rialto-AMD/tests/test_kernel_fusion.py
2025-07-18 12:48:27,880 - Knowledge - INFO - Found code-base-name: https://github.com/Kavia-Admin/Rialto-AMD.git:main
2025-07-18 12:48:28,045 - Knowledge - INFO - process ingested knowledge for /app/data/b2c/122842/b0265zy/Rialto-AMD/tests/test_kernel_fusion.py
2025-07-18 12:48:28,053 - Knowledge - INFO - Found code_base: <app.utils.kg_build.knowledge.KnowledgeCodeBase object at 0x7f32cffd1b90>
2025-07-18 12:48:28,200 - Knowledge - INFO - Found code-base-name: https://github.com/Kavia-Admin/Rialto-AMD.git:main
2025-07-18 12:48:28,407 - Knowledge - INFO - Found code_base: <app.utils.kg_build.knowledge.KnowledgeCodeBase object at 0x7f32cffd1b90>
2025-07-18 12:48:28,492 - Knowledge - INFO - persist ingested knowledge for /app/data/b2c/122842/b0265zy/Rialto-AMD/tests/test_kernel_fusion.py
2025-07-18 12:48:28,284 - Knowledge - INFO - persist ingested knowledge for /app/data/b2c/122842/b0265zy/Rialto-AMD/tests/test_aietiles.py
2025-07-18 12:48:28,801 - Knowledge - INFO - done ingest for /app/data/b2c/122842/b0265zy/Rialto-AMD/tests/test_ittiles.py
2025-07-18 12:48:28,925 - Knowledge - INFO - process ingested knowledge for /app/data/b2c/122842/b0265zy/Rialto-AMD/tests/test_ittiles.py
2025-07-18 12:48:29,154 - Knowledge - INFO - persist search terms embedding for tests/test_kernel_fusion.py
2025-07-18 12:48:29,643 - Knowledge - INFO - persist search terms embedding for tests/test_aietiles.py
2025-07-18 12:48:29,744 - Knowledge - INFO - Found code-base-name: https://github.com/Kavia-Admin/Rialto-AMD.git:main
2025-07-18 12:48:29,747 - Knowledge - INFO - worker kw4 pull /app/data/b2c/122842/b0265zy/Rialto-AMD/tests/test_applications.py from ingest queue
2025-07-18 12:48:30,028 - Knowledge - INFO - Thread kw4 - File test_applications.py - Remaining files in queue: 94
2025-07-18 12:48:30,141 - Knowledge - INFO - start ingest for /app/data/b2c/122842/b0265zy/Rialto-AMD/tests/test_applications.py
2025-07-18 12:48:29,756 - Knowledge - INFO - worker kw10 pull /app/data/b2c/122842/b0265zy/Rialto-AMD/tests/test_multioutputs.py from ingest queue
2025-07-18 12:48:29,890 - Knowledge - INFO - Found code_base: <app.utils.kg_build.knowledge.KnowledgeCodeBase object at 0x7f32cffd1b90>
2025-07-18 12:48:30,393 - Knowledge - INFO - Thread kw10 - File test_multioutputs.py - Remaining files in queue: 94
2025-07-18 12:48:30,515 - Knowledge - INFO - persist ingested knowledge for /app/data/b2c/122842/b0265zy/Rialto-AMD/tests/test_ittiles.py
2025-07-18 12:48:30,573 - Knowledge - INFO - done ingest for /app/data/b2c/122842/b0265zy/Rialto-AMD/tests/test_paths.py
2025-07-18 12:48:31,054 - Knowledge - INFO - start ingest for /app/data/b2c/122842/b0265zy/Rialto-AMD/tests/test_multioutputs.py
2025-07-18 12:48:31,383 - Knowledge - INFO - process ingested knowledge for /app/data/b2c/122842/b0265zy/Rialto-AMD/tests/test_paths.py
2025-07-18 12:48:32,005 - Knowledge - INFO - persist search terms embedding for tests/test_ittiles.py
2025-07-18 12:48:32,147 - Knowledge - INFO - Found code-base-name: https://github.com/Kavia-Admin/Rialto-AMD.git:main
2025-07-18 12:48:32,171 - Knowledge - INFO - worker kw8 pull /app/data/b2c/122842/b0265zy/Rialto-AMD/tests/test_address_32bit_issue.py from ingest queue
2025-07-18 12:48:32,269 - Knowledge - INFO - Found code_base: <app.utils.kg_build.knowledge.KnowledgeCodeBase object at 0x7f32cffd1b90>
2025-07-18 12:48:32,426 - Knowledge - INFO - Thread kw8 - File test_address_32bit_issue.py - Remaining files in queue: 93
2025-07-18 12:48:32,574 - Knowledge - INFO - persist ingested knowledge for /app/data/b2c/122842/b0265zy/Rialto-AMD/tests/test_paths.py
2025-07-18 12:48:32,732 - Knowledge - INFO - start ingest for /app/data/b2c/122842/b0265zy/Rialto-AMD/tests/test_address_32bit_issue.py
2025-07-18 12:48:33,739 - Knowledge - INFO - worker kw12 pull /app/data/b2c/122842/b0265zy/Rialto-AMD/tests/test_linkop.py from ingest queue
2025-07-18 12:48:33,830 - Knowledge - INFO - Thread kw12 - File test_linkop.py - Remaining files in queue: 92
2025-07-18 12:48:33,986 - Knowledge - INFO - start ingest for /app/data/b2c/122842/b0265zy/Rialto-AMD/tests/test_linkop.py
2025-07-18 12:48:35,395 - Knowledge - INFO - done ingest for /app/data/b2c/122842/b0265zy/Rialto-AMD/notebooks/4_7_using_the_memtile_in_your_applications.ipynb
2025-07-18 12:48:35,568 - Knowledge - INFO - process ingested knowledge for /app/data/b2c/122842/b0265zy/Rialto-AMD/notebooks/4_7_using_the_memtile_in_your_applications.ipynb
2025-07-18 12:48:35,750 - Knowledge - INFO - Found code-base-name: https://github.com/Kavia-Admin/Rialto-AMD.git:main
2025-07-18 12:48:35,906 - Knowledge - INFO - Found code_base: <app.utils.kg_build.knowledge.KnowledgeCodeBase object at 0x7f32cffd1b90>
2025-07-18 12:48:36,083 - Knowledge - INFO - persist ingested knowledge for /app/data/b2c/122842/b0265zy/Rialto-AMD/notebooks/4_7_using_the_memtile_in_your_applications.ipynb
2025-07-18 12:48:36,260 - Knowledge - INFO - done ingest for /app/data/b2c/122842/b0265zy/Rialto-AMD/tests/test_multibuffers.py
2025-07-18 12:48:36,703 - Knowledge - INFO - process ingested knowledge for /app/data/b2c/122842/b0265zy/Rialto-AMD/tests/test_multibuffers.py
2025-07-18 12:48:36,796 - Knowledge - INFO - worker kw13 pull /app/data/b2c/122842/b0265zy/Rialto-AMD/tests/test_memtile.py from ingest queue
2025-07-18 12:48:36,903 - Knowledge - INFO - Found code-base-name: https://github.com/Kavia-Admin/Rialto-AMD.git:main
2025-07-18 12:48:36,974 - Knowledge - INFO - Thread kw13 - File test_memtile.py - Remaining files in queue: 91
2025-07-18 12:48:37,156 - Knowledge - INFO - Found code_base: <app.utils.kg_build.knowledge.KnowledgeCodeBase object at 0x7f32cffd1b90>
2025-07-18 12:48:37,331 - Knowledge - INFO - start ingest for /app/data/b2c/122842/b0265zy/Rialto-AMD/tests/test_memtile.py
2025-07-18 12:48:37,525 - Knowledge - INFO - persist ingested knowledge for /app/data/b2c/122842/b0265zy/Rialto-AMD/tests/test_multibuffers.py
2025-07-18 12:48:39,512 - Knowledge - INFO - done ingest for /app/data/b2c/122842/b0265zy/Rialto-AMD/tests/test_videoapps.py
2025-07-18 12:48:39,817 - Knowledge - INFO - persist search terms embedding for tests/test_multibuffers.py
2025-07-18 12:48:39,977 - Knowledge - INFO - process ingested knowledge for /app/data/b2c/122842/b0265zy/Rialto-AMD/tests/test_videoapps.py
2025-07-18 12:48:40,058 - Knowledge - INFO - worker kw9 pull /app/data/b2c/122842/b0265zy/Rialto-AMD/tests/test_slicing.py from ingest queue
2025-07-18 12:48:40,292 - Knowledge - INFO - Found code-base-name: https://github.com/Kavia-Admin/Rialto-AMD.git:main
2025-07-18 12:48:40,470 - Knowledge - INFO - Thread kw9 - File test_slicing.py - Remaining files in queue: 90
2025-07-18 12:48:40,565 - Knowledge - INFO - Found code_base: <app.utils.kg_build.knowledge.KnowledgeCodeBase object at 0x7f32cffd1b90>
2025-07-18 12:48:40,715 - Knowledge - INFO - start ingest for /app/data/b2c/122842/b0265zy/Rialto-AMD/tests/test_slicing.py
2025-07-18 12:48:40,846 - Knowledge - INFO - persist ingested knowledge for /app/data/b2c/122842/b0265zy/Rialto-AMD/tests/test_videoapps.py
2025-07-18 12:48:41,978 - Knowledge - INFO - persist search terms embedding for tests/test_videoapps.py
2025-07-18 12:48:42,122 - Knowledge - INFO - worker kw15 pull /app/data/b2c/122842/b0265zy/Rialto-AMD/tests/test_viz_multibuffer.py from ingest queue
2025-07-18 12:48:42,214 - Knowledge - INFO - Thread kw15 - File test_viz_multibuffer.py - Remaining files in queue: 89
2025-07-18 12:48:42,343 - Knowledge - INFO - start ingest for /app/data/b2c/122842/b0265zy/Rialto-AMD/tests/test_viz_multibuffer.py
2025-07-18 12:48:45,887 - Knowledge - INFO - done ingest for /app/data/b2c/122842/b0265zy/Rialto-AMD/tests/test_alldatatypes.py
2025-07-18 12:48:46,266 - Knowledge - INFO - process ingested knowledge for /app/data/b2c/122842/b0265zy/Rialto-AMD/tests/test_alldatatypes.py
2025-07-18 12:48:46,423 - Knowledge - INFO - Found code-base-name: https://github.com/Kavia-Admin/Rialto-AMD.git:main
2025-07-18 12:48:46,545 - Knowledge - INFO - Found code_base: <app.utils.kg_build.knowledge.KnowledgeCodeBase object at 0x7f32cffd1b90>
2025-07-18 12:48:46,668 - Knowledge - INFO - persist ingested knowledge for /app/data/b2c/122842/b0265zy/Rialto-AMD/tests/test_alldatatypes.py
2025-07-18 12:48:47,127 - Knowledge - INFO - done ingest for /app/data/b2c/122842/b0265zy/Rialto-AMD/tests/test_kernels_build.py
2025-07-18 12:48:47,389 - Knowledge - INFO - process ingested knowledge for /app/data/b2c/122842/b0265zy/Rialto-AMD/tests/test_kernels_build.py
2025-07-18 12:48:47,767 - Knowledge - INFO - persist search terms embedding for tests/test_alldatatypes.py
2025-07-18 12:48:48,230 - Knowledge - INFO - Found code-base-name: https://github.com/Kavia-Admin/Rialto-AMD.git:main
2025-07-18 12:48:48,232 - Knowledge - INFO - worker kw14 pull /app/data/b2c/122842/b0265zy/Rialto-AMD/tests/test_shapechange.py from ingest queue
2025-07-18 12:48:48,332 - Knowledge - INFO - Found code_base: <app.utils.kg_build.knowledge.KnowledgeCodeBase object at 0x7f32cffd1b90>
2025-07-18 12:48:48,499 - Knowledge - INFO - Thread kw14 - File test_shapechange.py - Remaining files in queue: 88
2025-07-18 12:48:48,620 - Knowledge - INFO - persist ingested knowledge for /app/data/b2c/122842/b0265zy/Rialto-AMD/tests/test_kernels_build.py
2025-07-18 12:48:48,730 - Knowledge - INFO - start ingest for /app/data/b2c/122842/b0265zy/Rialto-AMD/tests/test_shapechange.py
2025-07-18 12:48:48,841 - Knowledge - INFO - done ingest for /app/data/b2c/122842/b0265zy/Rialto-AMD/tests/test_singlekernel.py
2025-07-18 12:48:49,215 - Knowledge - INFO - process ingested knowledge for /app/data/b2c/122842/b0265zy/Rialto-AMD/tests/test_singlekernel.py
2025-07-18 12:48:49,987 - Knowledge - INFO - persist search terms embedding for tests/test_kernels_build.py
2025-07-18 12:48:50,133 - Knowledge - INFO - Found code-base-name: https://github.com/Kavia-Admin/Rialto-AMD.git:main
2025-07-18 12:48:50,232 - Knowledge - INFO - Found code_base: <app.utils.kg_build.knowledge.KnowledgeCodeBase object at 0x7f32cffd1b90>
2025-07-18 12:48:50,134 - Knowledge - INFO - worker kw6 pull /app/data/b2c/122842/b0265zy/Rialto-AMD/tests/test_callgraphs.py from ingest queue
2025-07-18 12:48:50,329 - Knowledge - INFO - persist ingested knowledge for /app/data/b2c/122842/b0265zy/Rialto-AMD/tests/test_singlekernel.py
2025-07-18 12:48:50,470 - Knowledge - INFO - Thread kw6 - File test_callgraphs.py - Remaining files in queue: 87
2025-07-18 12:48:50,773 - Knowledge - INFO - start ingest for /app/data/b2c/122842/b0265zy/Rialto-AMD/tests/test_callgraphs.py
2025-07-18 12:48:51,460 - Knowledge - INFO - persist search terms embedding for tests/test_singlekernel.py
2025-07-18 12:48:51,550 - Knowledge - INFO - worker kw3 pull /app/data/b2c/122842/b0265zy/Rialto-AMD/tests/test_broadcast.py from ingest queue
2025-07-18 12:48:51,671 - Knowledge - INFO - Thread kw3 - File test_broadcast.py - Remaining files in queue: 86
2025-07-18 12:48:51,757 - Knowledge - INFO - start ingest for /app/data/b2c/122842/b0265zy/Rialto-AMD/tests/test_broadcast.py
2025-07-18 12:48:53,269 - Knowledge - INFO - done ingest for /app/data/b2c/122842/b0265zy/Rialto-AMD/tests/test_onnx.py
2025-07-18 12:48:53,440 - Knowledge - INFO - process ingested knowledge for /app/data/b2c/122842/b0265zy/Rialto-AMD/tests/test_onnx.py
2025-07-18 12:48:53,563 - Knowledge - INFO - Found code-base-name: https://github.com/Kavia-Admin/Rialto-AMD.git:main
2025-07-18 12:48:53,649 - Knowledge - INFO - Found code_base: <app.utils.kg_build.knowledge.KnowledgeCodeBase object at 0x7f32cffd1b90>
2025-07-18 12:48:53,770 - Knowledge - INFO - persist ingested knowledge for /app/data/b2c/122842/b0265zy/Rialto-AMD/tests/test_onnx.py
2025-07-18 12:48:54,648 - Knowledge - INFO - persist search terms embedding for tests/test_onnx.py
2025-07-18 12:48:55,026 - Knowledge - INFO - worker kw1 pull /app/data/b2c/122842/b0265zy/Rialto-AMD/tests/test_endtoend.py from ingest queue
2025-07-18 12:48:55,146 - Knowledge - INFO - Thread kw1 - File test_endtoend.py - Remaining files in queue: 85
2025-07-18 12:48:55,260 - Knowledge - INFO - start ingest for /app/data/b2c/122842/b0265zy/Rialto-AMD/tests/test_endtoend.py
2025-07-18 12:48:57,415 - Knowledge - INFO - done ingest for /app/data/b2c/122842/b0265zy/Rialto-AMD/tests/test_linkop.py
2025-07-18 12:48:57,641 - Knowledge - INFO - process ingested knowledge for /app/data/b2c/122842/b0265zy/Rialto-AMD/tests/test_linkop.py
2025-07-18 12:48:57,805 - Knowledge - INFO - Found code-base-name: https://github.com/Kavia-Admin/Rialto-AMD.git:main
2025-07-18 12:48:57,905 - Knowledge - INFO - Found code_base: <app.utils.kg_build.knowledge.KnowledgeCodeBase object at 0x7f32cffd1b90>
2025-07-18 12:48:58,031 - Knowledge - INFO - persist ingested knowledge for /app/data/b2c/122842/b0265zy/Rialto-AMD/tests/test_linkop.py
2025-07-18 12:48:58,779 - Knowledge - INFO - persist search terms embedding for tests/test_linkop.py
2025-07-18 12:48:58,876 - Knowledge - INFO - worker kw12 pull /app/data/b2c/122842/b0265zy/Rialto-AMD/tests/__init__.py from ingest queue
2025-07-18 12:48:58,991 - Knowledge - INFO - Thread kw12 - File __init__.py - Remaining files in queue: 84
2025-07-18 12:48:59,141 - Knowledge - INFO - start ingest for /app/data/b2c/122842/b0265zy/Rialto-AMD/tests/__init__.py
2025-07-18 12:49:01,738 - Knowledge - INFO - done ingest for /app/data/b2c/122842/b0265zy/Rialto-AMD/tests/test_address_32bit_issue.py
2025-07-18 12:49:01,881 - Knowledge - INFO - process ingested knowledge for /app/data/b2c/122842/b0265zy/Rialto-AMD/tests/test_address_32bit_issue.py
2025-07-18 12:49:01,985 - Knowledge - INFO - Found code-base-name: https://github.com/Kavia-Admin/Rialto-AMD.git:main
2025-07-18 12:49:02,090 - Knowledge - INFO - Found code_base: <app.utils.kg_build.knowledge.KnowledgeCodeBase object at 0x7f32cffd1b90>
2025-07-18 12:49:02,214 - Knowledge - INFO - persist ingested knowledge for /app/data/b2c/122842/b0265zy/Rialto-AMD/tests/test_address_32bit_issue.py
2025-07-18 12:49:03,010 - Knowledge - INFO - persist search terms embedding for tests/test_address_32bit_issue.py
2025-07-18 12:49:03,119 - Knowledge - INFO - worker kw8 pull /app/data/b2c/122842/b0265zy/Rialto-AMD/tests/test_externc.py from ingest queue
2025-07-18 12:49:03,204 - Knowledge - INFO - Thread kw8 - File test_externc.py - Remaining files in queue: 83
2025-07-18 12:49:03,318 - Knowledge - INFO - start ingest for /app/data/b2c/122842/b0265zy/Rialto-AMD/tests/test_externc.py
2025-07-18 12:49:06,423 - Knowledge - INFO - done ingest for /app/data/b2c/122842/b0265zy/Rialto-AMD/tests/test_multioutputs.py
2025-07-18 12:49:06,617 - Knowledge - INFO - process ingested knowledge for /app/data/b2c/122842/b0265zy/Rialto-AMD/tests/test_multioutputs.py
2025-07-18 12:49:06,741 - Knowledge - INFO - Found code-base-name: https://github.com/Kavia-Admin/Rialto-AMD.git:main
2025-07-18 12:49:06,772 - Knowledge - INFO - done ingest for /app/data/b2c/122842/b0265zy/Rialto-AMD/tests/__init__.py
2025-07-18 12:49:06,846 - Knowledge - INFO - Found code_base: <app.utils.kg_build.knowledge.KnowledgeCodeBase object at 0x7f32cffd1b90>
2025-07-18 12:49:07,036 - Knowledge - INFO - process ingested knowledge for /app/data/b2c/122842/b0265zy/Rialto-AMD/tests/__init__.py
2025-07-18 12:49:07,093 - Knowledge - INFO - persist ingested knowledge for /app/data/b2c/122842/b0265zy/Rialto-AMD/tests/test_multioutputs.py
2025-07-18 12:49:07,228 - Knowledge - INFO - Found code-base-name: https://github.com/Kavia-Admin/Rialto-AMD.git:main
2025-07-18 12:49:07,426 - Knowledge - INFO - Found code_base: <app.utils.kg_build.knowledge.KnowledgeCodeBase object at 0x7f32cffd1b90>
2025-07-18 12:49:07,541 - Knowledge - INFO - persist ingested knowledge for /app/data/b2c/122842/b0265zy/Rialto-AMD/tests/__init__.py
2025-07-18 12:49:07,910 - Knowledge - INFO - persist search terms embedding for tests/test_multioutputs.py
2025-07-18 12:49:08,324 - Knowledge - INFO - worker kw10 pull /app/data/b2c/122842/b0265zy/Rialto-AMD/tests/test_asm.py from ingest queue
2025-07-18 12:49:08,326 - Knowledge - INFO - worker kw12 pull /app/data/b2c/122842/b0265zy/Rialto-AMD/tests/test_visionapp.py from ingest queue
2025-07-18 12:49:08,554 - Knowledge - INFO - Thread kw12 - File test_visionapp.py - Remaining files in queue: 81
2025-07-18 12:49:08,424 - Knowledge - INFO - Thread kw10 - File test_asm.py - Remaining files in queue: 81
2025-07-18 12:49:08,672 - Knowledge - INFO - start ingest for /app/data/b2c/122842/b0265zy/Rialto-AMD/tests/test_visionapp.py
2025-07-18 12:49:08,834 - Knowledge - INFO - start ingest for /app/data/b2c/122842/b0265zy/Rialto-AMD/tests/test_asm.py
2025-07-18 12:49:11,180 - Knowledge - INFO - done ingest for /app/data/b2c/122842/b0265zy/Rialto-AMD/tests/test_slicing.py
2025-07-18 12:49:11,265 - Knowledge - INFO - done ingest for /app/data/b2c/122842/b0265zy/Rialto-AMD/tests/test_externc.py
2025-07-18 12:49:11,368 - Knowledge - INFO - process ingested knowledge for /app/data/b2c/122842/b0265zy/Rialto-AMD/tests/test_slicing.py
2025-07-18 12:49:11,491 - Knowledge - INFO - process ingested knowledge for /app/data/b2c/122842/b0265zy/Rialto-AMD/tests/test_externc.py
2025-07-18 12:49:11,524 - Knowledge - INFO - Found code-base-name: https://github.com/Kavia-Admin/Rialto-AMD.git:main
2025-07-18 12:49:11,658 - Knowledge - INFO - Found code-base-name: https://github.com/Kavia-Admin/Rialto-AMD.git:main
2025-07-18 12:49:11,803 - Knowledge - INFO - Found code_base: <app.utils.kg_build.knowledge.KnowledgeCodeBase object at 0x7f32cffd1b90>
2025-07-18 12:49:11,915 - Knowledge - INFO - Found code_base: <app.utils.kg_build.knowledge.KnowledgeCodeBase object at 0x7f32cffd1b90>
2025-07-18 12:49:12,132 - Knowledge - INFO - persist ingested knowledge for /app/data/b2c/122842/b0265zy/Rialto-AMD/tests/test_externc.py
2025-07-18 12:49:12,000 - Knowledge - INFO - persist ingested knowledge for /app/data/b2c/122842/b0265zy/Rialto-AMD/tests/test_slicing.py
2025-07-18 12:49:13,435 - Knowledge - INFO - persist search terms embedding for tests/test_slicing.py
2025-07-18 12:49:13,541 - Knowledge - INFO - worker kw8 pull /app/data/b2c/122842/b0265zy/Rialto-AMD/npu/runtime/sequence.py from ingest queue
2025-07-18 12:49:13,562 - Knowledge - INFO - worker kw9 pull /app/data/b2c/122842/b0265zy/Rialto-AMD/npu/magic.py from ingest queue
2025-07-18 12:49:13,660 - Knowledge - INFO - Thread kw8 - File sequence.py - Remaining files in queue: 79
2025-07-18 12:49:13,779 - Knowledge - INFO - Thread kw9 - File magic.py - Remaining files in queue: 79
2025-07-18 12:49:13,928 - Knowledge - INFO - start ingest for /app/data/b2c/122842/b0265zy/Rialto-AMD/npu/runtime/sequence.py
2025-07-18 12:49:14,023 - Knowledge - INFO - start ingest for /app/data/b2c/122842/b0265zy/Rialto-AMD/npu/magic.py
2025-07-18 12:49:29,014 - Knowledge - ERROR - _service_ingest_queue had exception  for file /app/data/b2c/122842/b0265zy/Rialto-AMD/notebooks/4_3_kernels_with_runtime_parameters.ipynb
Traceback (most recent call last):
  File "/usr/local/lib/python3.11/asyncio/tasks.py", line 500, in wait_for
    return fut.result()
           ^^^^^^^^^^^^
  File "/app/app/utils/kg_build/knowledge.py", line 1569, in _ingest_file
    response = await llm.llm_interaction_wrapper(
               ^^^^^^^^^^^^^^^^^^^^^^^^^^^^^^^^^^
  File "/usr/local/lib/python3.11/site-packages/llm_wrapper/core/llm_interface.py", line 338, in llm_interaction_wrapper
    completion = await invoke_llm()
                 ^^^^^^^^^^^^^^^^^^
  File "/usr/local/lib/python3.11/site-packages/llm_wrapper/core/llm_interface.py", line 284, in invoke_llm
    return await loop.run_in_executor(None, blocking_call_wrapper)
           ^^^^^^^^^^^^^^^^^^^^^^^^^^^^^^^^^^^^^^^^^^^^^^^^^^^^^^^
asyncio.exceptions.CancelledError

The above exception was the direct cause of the following exception:

Traceback (most recent call last):
  File "/app/app/utils/kg_build/knowledge.py", line 301, in _service_ingest_queue
    file_info = self.loop_worker.run_until_complete(asyncio.wait_for( knowledge._ingest_file(filename), knowledge.timeout))
                ^^^^^^^^^^^^^^^^^^^^^^^^^^^^^^^^^^^^^^^^^^^^^^^^^^^^^^^^^^^^^^^^^^^^^^^^^^^^^^^^^^^^^^^^^^^^^^^^^^^^^^^^^^^
  File "/usr/local/lib/python3.11/asyncio/base_events.py", line 654, in run_until_complete
    return future.result()
           ^^^^^^^^^^^^^^^
  File "/usr/local/lib/python3.11/asyncio/tasks.py", line 502, in wait_for
    raise exceptions.TimeoutError() from exc
TimeoutError
2025-07-18 12:49:29,258 - Knowledge - INFO - process ingested knowledge for /app/data/b2c/122842/b0265zy/Rialto-AMD/notebooks/4_3_kernels_with_runtime_parameters.ipynb
2025-07-18 12:49:29,452 - Knowledge - INFO - Found code-base-name: https://github.com/Kavia-Admin/Rialto-AMD.git:main
2025-07-18 12:49:29,584 - Knowledge - INFO - Found code_base: <app.utils.kg_build.knowledge.KnowledgeCodeBase object at 0x7f32cffd1b90>
2025-07-18 12:49:29,664 - Knowledge - INFO - persist ingested knowledge for /app/data/b2c/122842/b0265zy/Rialto-AMD/notebooks/4_3_kernels_with_runtime_parameters.ipynb
2025-07-18 12:49:29,968 - Knowledge - INFO - worker kw11 pull /app/data/b2c/122842/b0265zy/Rialto-AMD/tests/test_imgread.py from ingest queue
2025-07-18 12:49:30,070 - Knowledge - INFO - Thread kw11 - File test_imgread.py - Remaining files in queue: 78
2025-07-18 12:49:30,160 - Knowledge - INFO - start ingest for /app/data/b2c/122842/b0265zy/Rialto-AMD/tests/test_imgread.py
2025-07-18 12:49:33,277 - Knowledge - INFO - done ingest for /app/data/b2c/122842/b0265zy/Rialto-AMD/tests/test_broadcast.py
2025-07-18 12:49:33,448 - Knowledge - INFO - process ingested knowledge for /app/data/b2c/122842/b0265zy/Rialto-AMD/tests/test_broadcast.py
2025-07-18 12:49:33,578 - Knowledge - INFO - Found code-base-name: https://github.com/Kavia-Admin/Rialto-AMD.git:main
2025-07-18 12:49:33,687 - Knowledge - INFO - Found code_base: <app.utils.kg_build.knowledge.KnowledgeCodeBase object at 0x7f32cffd1b90>
2025-07-18 12:49:33,803 - Knowledge - INFO - persist ingested knowledge for /app/data/b2c/122842/b0265zy/Rialto-AMD/tests/test_broadcast.py
2025-07-18 12:49:34,511 - Knowledge - INFO - done ingest for /app/data/b2c/122842/b0265zy/Rialto-AMD/tests/test_shapechange.py
2025-07-18 12:49:34,737 - Knowledge - INFO - process ingested knowledge for /app/data/b2c/122842/b0265zy/Rialto-AMD/tests/test_shapechange.py
2025-07-18 12:49:35,016 - Knowledge - INFO - persist search terms embedding for tests/test_broadcast.py
2025-07-18 12:49:35,119 - Knowledge - INFO - Found code-base-name: https://github.com/Kavia-Admin/Rialto-AMD.git:main
2025-07-18 12:49:35,134 - Knowledge - INFO - worker kw3 pull /app/data/b2c/122842/b0265zy/Rialto-AMD/npu/runtime/aie_host_utils.py from ingest queue
2025-07-18 12:49:35,213 - Knowledge - INFO - Found code_base: <app.utils.kg_build.knowledge.KnowledgeCodeBase object at 0x7f32cffd1b90>
2025-07-18 12:49:35,263 - Knowledge - ERROR - _service_ingest_queue had exception  for file /app/data/b2c/122842/b0265zy/Rialto-AMD/notebooks/5_1_pytorch_onnx_inference.ipynb
Traceback (most recent call last):
  File "/usr/local/lib/python3.11/asyncio/tasks.py", line 500, in wait_for
    return fut.result()
           ^^^^^^^^^^^^
  File "/app/app/utils/kg_build/knowledge.py", line 1569, in _ingest_file
    response = await llm.llm_interaction_wrapper(
               ^^^^^^^^^^^^^^^^^^^^^^^^^^^^^^^^^^
  File "/usr/local/lib/python3.11/site-packages/llm_wrapper/core/llm_interface.py", line 338, in llm_interaction_wrapper
    completion = await invoke_llm()
                 ^^^^^^^^^^^^^^^^^^
  File "/usr/local/lib/python3.11/site-packages/llm_wrapper/core/llm_interface.py", line 284, in invoke_llm
    return await loop.run_in_executor(None, blocking_call_wrapper)
           ^^^^^^^^^^^^^^^^^^^^^^^^^^^^^^^^^^^^^^^^^^^^^^^^^^^^^^^
asyncio.exceptions.CancelledError

The above exception was the direct cause of the following exception:

Traceback (most recent call last):
  File "/app/app/utils/kg_build/knowledge.py", line 301, in _service_ingest_queue
    file_info = self.loop_worker.run_until_complete(asyncio.wait_for( knowledge._ingest_file(filename), knowledge.timeout))
                ^^^^^^^^^^^^^^^^^^^^^^^^^^^^^^^^^^^^^^^^^^^^^^^^^^^^^^^^^^^^^^^^^^^^^^^^^^^^^^^^^^^^^^^^^^^^^^^^^^^^^^^^^^^
  File "/usr/local/lib/python3.11/asyncio/base_events.py", line 654, in run_until_complete
    return future.result()
           ^^^^^^^^^^^^^^^
  File "/usr/local/lib/python3.11/asyncio/tasks.py", line 502, in wait_for
    raise exceptions.TimeoutError() from exc
TimeoutError
2025-07-18 12:49:35,339 - Knowledge - INFO - Thread kw3 - File aie_host_utils.py - Remaining files in queue: 77
2025-07-18 12:49:35,427 - Knowledge - INFO - persist ingested knowledge for /app/data/b2c/122842/b0265zy/Rialto-AMD/tests/test_shapechange.py
2025-07-18 12:49:35,615 - Knowledge - INFO - process ingested knowledge for /app/data/b2c/122842/b0265zy/Rialto-AMD/notebooks/5_1_pytorch_onnx_inference.ipynb
2025-07-18 12:49:35,700 - Knowledge - INFO - start ingest for /app/data/b2c/122842/b0265zy/Rialto-AMD/npu/runtime/aie_host_utils.py
2025-07-18 12:49:36,557 - Knowledge - INFO - persist search terms embedding for tests/test_shapechange.py
2025-07-18 12:49:36,671 - Knowledge - INFO - Found code-base-name: https://github.com/Kavia-Admin/Rialto-AMD.git:main
2025-07-18 12:49:36,681 - Knowledge - INFO - worker kw14 pull /app/data/b2c/122842/b0265zy/Rialto-AMD/npu/runtime/kernelinstance.py from ingest queue
2025-07-18 12:49:36,762 - Knowledge - INFO - Found code_base: <app.utils.kg_build.knowledge.KnowledgeCodeBase object at 0x7f32cffd1b90>
2025-07-18 12:49:36,895 - Knowledge - INFO - Thread kw14 - File kernelinstance.py - Remaining files in queue: 76
2025-07-18 12:49:37,012 - Knowledge - INFO - persist ingested knowledge for /app/data/b2c/122842/b0265zy/Rialto-AMD/notebooks/5_1_pytorch_onnx_inference.ipynb
2025-07-18 12:49:37,103 - Knowledge - INFO - start ingest for /app/data/b2c/122842/b0265zy/Rialto-AMD/npu/runtime/kernelinstance.py
2025-07-18 12:49:37,479 - Knowledge - INFO - worker kw5 pull /app/data/b2c/122842/b0265zy/Rialto-AMD/npu/runtime/apprunner.py from ingest queue
2025-07-18 12:49:37,561 - Knowledge - INFO - Thread kw5 - File apprunner.py - Remaining files in queue: 75
2025-07-18 12:49:37,636 - Knowledge - INFO - start ingest for /app/data/b2c/122842/b0265zy/Rialto-AMD/npu/runtime/apprunner.py
2025-07-18 12:49:43,033 - Knowledge - INFO - done ingest for /app/data/b2c/122842/b0265zy/Rialto-AMD/tests/test_asm.py
2025-07-18 12:49:43,048 - Knowledge - INFO - done ingest for /app/data/b2c/122842/b0265zy/Rialto-AMD/npu/magic.py
2025-07-18 12:49:43,259 - Knowledge - INFO - process ingested knowledge for /app/data/b2c/122842/b0265zy/Rialto-AMD/tests/test_asm.py
2025-07-18 12:49:43,338 - Knowledge - INFO - process ingested knowledge for /app/data/b2c/122842/b0265zy/Rialto-AMD/npu/magic.py
2025-07-18 12:49:43,389 - Knowledge - INFO - Found code-base-name: https://github.com/Kavia-Admin/Rialto-AMD.git:main
2025-07-18 12:49:43,716 - Knowledge - INFO - done ingest for /app/data/b2c/122842/b0265zy/Rialto-AMD/tests/test_visionapp.py
2025-07-18 12:49:44,282 - Knowledge - INFO - Found code-base-name: https://github.com/Kavia-Admin/Rialto-AMD.git:main
2025-07-18 12:49:44,330 - Knowledge - INFO - Found code_base: <app.utils.kg_build.knowledge.KnowledgeCodeBase object at 0x7f32cffd1b90>
2025-07-18 12:49:44,525 - Knowledge - INFO - process ingested knowledge for /app/data/b2c/122842/b0265zy/Rialto-AMD/tests/test_visionapp.py
2025-07-18 12:49:44,587 - Knowledge - INFO - Found code_base: <app.utils.kg_build.knowledge.KnowledgeCodeBase object at 0x7f32cffd1b90>
2025-07-18 12:49:44,642 - Knowledge - ERROR - _service_ingest_queue had exception  for file /app/data/b2c/122842/b0265zy/Rialto-AMD/notebooks/4_2_write_your_kernel.ipynb
Traceback (most recent call last):
  File "/usr/local/lib/python3.11/asyncio/tasks.py", line 500, in wait_for
    return fut.result()
           ^^^^^^^^^^^^
  File "/app/app/utils/kg_build/knowledge.py", line 1569, in _ingest_file
    response = await llm.llm_interaction_wrapper(
               ^^^^^^^^^^^^^^^^^^^^^^^^^^^^^^^^^^
  File "/usr/local/lib/python3.11/site-packages/llm_wrapper/core/llm_interface.py", line 338, in llm_interaction_wrapper
    completion = await invoke_llm()
                 ^^^^^^^^^^^^^^^^^^
  File "/usr/local/lib/python3.11/site-packages/llm_wrapper/core/llm_interface.py", line 284, in invoke_llm
    return await loop.run_in_executor(None, blocking_call_wrapper)
           ^^^^^^^^^^^^^^^^^^^^^^^^^^^^^^^^^^^^^^^^^^^^^^^^^^^^^^^
asyncio.exceptions.CancelledError

The above exception was the direct cause of the following exception:

Traceback (most recent call last):
  File "/app/app/utils/kg_build/knowledge.py", line 301, in _service_ingest_queue
    file_info = self.loop_worker.run_until_complete(asyncio.wait_for( knowledge._ingest_file(filename), knowledge.timeout))
                ^^^^^^^^^^^^^^^^^^^^^^^^^^^^^^^^^^^^^^^^^^^^^^^^^^^^^^^^^^^^^^^^^^^^^^^^^^^^^^^^^^^^^^^^^^^^^^^^^^^^^^^^^^^
  File "/usr/local/lib/python3.11/asyncio/base_events.py", line 654, in run_until_complete
    return future.result()
           ^^^^^^^^^^^^^^^
  File "/usr/local/lib/python3.11/asyncio/tasks.py", line 502, in wait_for
    raise exceptions.TimeoutError() from exc
TimeoutError
2025-07-18 12:49:44,679 - Knowledge - INFO - persist ingested knowledge for /app/data/b2c/122842/b0265zy/Rialto-AMD/tests/test_asm.py
2025-07-18 12:49:44,798 - Knowledge - INFO - Found code-base-name: https://github.com/Kavia-Admin/Rialto-AMD.git:main
2025-07-18 12:49:44,872 - Knowledge - INFO - persist ingested knowledge for /app/data/b2c/122842/b0265zy/Rialto-AMD/npu/magic.py
2025-07-18 12:49:44,981 - Knowledge - INFO - process ingested knowledge for /app/data/b2c/122842/b0265zy/Rialto-AMD/notebooks/4_2_write_your_kernel.ipynb
2025-07-18 12:49:45,268 - Knowledge - INFO - Found code_base: <app.utils.kg_build.knowledge.KnowledgeCodeBase object at 0x7f32cffd1b90>
2025-07-18 12:49:45,702 - Knowledge - INFO - persist ingested knowledge for /app/data/b2c/122842/b0265zy/Rialto-AMD/tests/test_visionapp.py
2025-07-18 12:49:46,011 - Knowledge - INFO - persist search terms embedding for tests/test_asm.py
2025-07-18 12:49:46,900 - Knowledge - INFO - persist search terms embedding for npu/magic.py
2025-07-18 12:49:47,021 - Knowledge - INFO - Found code-base-name: https://github.com/Kavia-Admin/Rialto-AMD.git:main
2025-07-18 12:49:47,118 - Knowledge - INFO - Found code_base: <app.utils.kg_build.knowledge.KnowledgeCodeBase object at 0x7f32cffd1b90>
2025-07-18 12:49:47,230 - Knowledge - INFO - persist ingested knowledge for /app/data/b2c/122842/b0265zy/Rialto-AMD/notebooks/4_2_write_your_kernel.ipynb
2025-07-18 12:49:47,755 - Knowledge - INFO - persist search terms embedding for tests/test_visionapp.py
2025-07-18 12:49:47,866 - Knowledge - INFO - worker kw10 pull /app/data/b2c/122842/b0265zy/Rialto-AMD/npu/runtime/__init__.py from ingest queue
2025-07-18 12:49:47,877 - Knowledge - INFO - worker kw9 pull /app/data/b2c/122842/b0265zy/Rialto-AMD/npu/utils/imgread.py from ingest queue
2025-07-18 12:49:47,979 - Knowledge - INFO - Thread kw10 - File __init__.py - Remaining files in queue: 73
2025-07-18 12:49:48,099 - Knowledge - INFO - Thread kw9 - File imgread.py - Remaining files in queue: 73
2025-07-18 12:49:48,119 - Knowledge - INFO - worker kw12 pull /app/data/b2c/122842/b0265zy/Rialto-AMD/npu/utils/aiekernels.py from ingest queue
2025-07-18 12:49:48,133 - Knowledge - INFO - worker kw2 pull /app/data/b2c/122842/b0265zy/Rialto-AMD/npu/utils/display_widget.py from ingest queue
2025-07-18 12:49:48,247 - Knowledge - INFO - start ingest for /app/data/b2c/122842/b0265zy/Rialto-AMD/npu/runtime/__init__.py
2025-07-18 12:49:48,337 - Knowledge - INFO - start ingest for /app/data/b2c/122842/b0265zy/Rialto-AMD/npu/utils/imgread.py
2025-07-18 12:49:48,399 - Knowledge - ERROR - _service_ingest_queue had exception  for file /app/data/b2c/122842/b0265zy/Rialto-AMD/notebooks/4_6_build_application.ipynb
Traceback (most recent call last):
  File "/usr/local/lib/python3.11/asyncio/tasks.py", line 500, in wait_for
    return fut.result()
           ^^^^^^^^^^^^
  File "/app/app/utils/kg_build/knowledge.py", line 1569, in _ingest_file
    response = await llm.llm_interaction_wrapper(
               ^^^^^^^^^^^^^^^^^^^^^^^^^^^^^^^^^^
  File "/usr/local/lib/python3.11/site-packages/llm_wrapper/core/llm_interface.py", line 338, in llm_interaction_wrapper
    completion = await invoke_llm()
                 ^^^^^^^^^^^^^^^^^^
  File "/usr/local/lib/python3.11/site-packages/llm_wrapper/core/llm_interface.py", line 284, in invoke_llm
    return await loop.run_in_executor(None, blocking_call_wrapper)
           ^^^^^^^^^^^^^^^^^^^^^^^^^^^^^^^^^^^^^^^^^^^^^^^^^^^^^^^
asyncio.exceptions.CancelledError

The above exception was the direct cause of the following exception:

Traceback (most recent call last):
  File "/app/app/utils/kg_build/knowledge.py", line 301, in _service_ingest_queue
    file_info = self.loop_worker.run_until_complete(asyncio.wait_for( knowledge._ingest_file(filename), knowledge.timeout))
                ^^^^^^^^^^^^^^^^^^^^^^^^^^^^^^^^^^^^^^^^^^^^^^^^^^^^^^^^^^^^^^^^^^^^^^^^^^^^^^^^^^^^^^^^^^^^^^^^^^^^^^^^^^^
  File "/usr/local/lib/python3.11/asyncio/base_events.py", line 654, in run_until_complete
    return future.result()
           ^^^^^^^^^^^^^^^
  File "/usr/local/lib/python3.11/asyncio/tasks.py", line 502, in wait_for
    raise exceptions.TimeoutError() from exc
TimeoutError
2025-07-18 12:49:48,435 - Knowledge - INFO - Thread kw12 - File aiekernels.py - Remaining files in queue: 71
2025-07-18 12:49:48,520 - Knowledge - INFO - Thread kw2 - File display_widget.py - Remaining files in queue: 71
2025-07-18 12:49:48,897 - Knowledge - INFO - process ingested knowledge for /app/data/b2c/122842/b0265zy/Rialto-AMD/notebooks/4_6_build_application.ipynb
2025-07-18 12:49:48,997 - Knowledge - INFO - start ingest for /app/data/b2c/122842/b0265zy/Rialto-AMD/npu/utils/aiekernels.py
2025-07-18 12:49:49,107 - Knowledge - INFO - start ingest for /app/data/b2c/122842/b0265zy/Rialto-AMD/npu/utils/display_widget.py
2025-07-18 12:49:49,266 - Knowledge - INFO - Found code-base-name: https://github.com/Kavia-Admin/Rialto-AMD.git:main
2025-07-18 12:49:49,512 - Knowledge - INFO - Found code_base: <app.utils.kg_build.knowledge.KnowledgeCodeBase object at 0x7f32cffd1b90>
2025-07-18 12:49:49,592 - Knowledge - INFO - persist ingested knowledge for /app/data/b2c/122842/b0265zy/Rialto-AMD/notebooks/4_6_build_application.ipynb
2025-07-18 12:49:49,939 - Knowledge - INFO - worker kw7 pull /app/data/b2c/122842/b0265zy/Rialto-AMD/npu/utils/videoapps.py from ingest queue
2025-07-18 12:49:50,034 - Knowledge - INFO - Thread kw7 - File videoapps.py - Remaining files in queue: 70
2025-07-18 12:49:50,124 - Knowledge - INFO - start ingest for /app/data/b2c/122842/b0265zy/Rialto-AMD/npu/utils/videoapps.py
2025-07-18 12:49:51,328 - Knowledge - INFO - done ingest for /app/data/b2c/122842/b0265zy/Rialto-AMD/tests/test_memtile.py
2025-07-18 12:49:51,410 - Knowledge - INFO - done ingest for /app/data/b2c/122842/b0265zy/Rialto-AMD/tests/test_viz_multibuffer.py
2025-07-18 12:49:51,526 - Knowledge - INFO - process ingested knowledge for /app/data/b2c/122842/b0265zy/Rialto-AMD/tests/test_memtile.py
2025-07-18 12:49:51,688 - Knowledge - INFO - process ingested knowledge for /app/data/b2c/122842/b0265zy/Rialto-AMD/tests/test_viz_multibuffer.py
2025-07-18 12:49:51,722 - Knowledge - INFO - Found code-base-name: https://github.com/Kavia-Admin/Rialto-AMD.git:main
2025-07-18 12:49:51,859 - Knowledge - INFO - Found code-base-name: https://github.com/Kavia-Admin/Rialto-AMD.git:main
2025-07-18 12:49:51,872 - Knowledge - INFO - done ingest for /app/data/b2c/122842/b0265zy/Rialto-AMD/npu/runtime/aie_host_utils.py
2025-07-18 12:49:51,959 - Knowledge - INFO - Found code_base: <app.utils.kg_build.knowledge.KnowledgeCodeBase object at 0x7f32cffd1b90>
2025-07-18 12:49:52,358 - Knowledge - INFO - persist ingested knowledge for /app/data/b2c/122842/b0265zy/Rialto-AMD/tests/test_memtile.py
2025-07-18 12:49:52,264 - Knowledge - INFO - process ingested knowledge for /app/data/b2c/122842/b0265zy/Rialto-AMD/npu/runtime/aie_host_utils.py
2025-07-18 12:49:52,079 - Knowledge - INFO - Found code_base: <app.utils.kg_build.knowledge.KnowledgeCodeBase object at 0x7f32cffd1b90>
2025-07-18 12:49:52,711 - Knowledge - INFO - persist ingested knowledge for /app/data/b2c/122842/b0265zy/Rialto-AMD/tests/test_viz_multibuffer.py
2025-07-18 12:49:52,738 - Knowledge - INFO - done ingest for /app/data/b2c/122842/b0265zy/Rialto-AMD/npu/runtime/kernelinstance.py
2025-07-18 12:49:53,076 - Knowledge - INFO - process ingested knowledge for /app/data/b2c/122842/b0265zy/Rialto-AMD/npu/runtime/kernelinstance.py
2025-07-18 12:49:53,232 - Knowledge - INFO - persist search terms embedding for tests/test_memtile.py
2025-07-18 12:49:53,347 - Knowledge - INFO - Found code-base-name: https://github.com/Kavia-Admin/Rialto-AMD.git:main
2025-07-18 12:49:53,445 - Knowledge - INFO - Found code_base: <app.utils.kg_build.knowledge.KnowledgeCodeBase object at 0x7f32cffd1b90>
2025-07-18 12:49:53,557 - Knowledge - INFO - persist ingested knowledge for /app/data/b2c/122842/b0265zy/Rialto-AMD/npu/runtime/aie_host_utils.py
2025-07-18 12:49:54,077 - Knowledge - INFO - persist search terms embedding for tests/test_viz_multibuffer.py
2025-07-18 12:49:54,210 - Knowledge - INFO - Found code-base-name: https://github.com/Kavia-Admin/Rialto-AMD.git:main
2025-07-18 12:49:54,363 - Knowledge - INFO - Found code_base: <app.utils.kg_build.knowledge.KnowledgeCodeBase object at 0x7f32cffd1b90>
2025-07-18 12:49:55,132 - Knowledge - INFO - persist search terms embedding for npu/runtime/aie_host_utils.py
2025-07-18 12:49:55,279 - Knowledge - INFO - persist ingested knowledge for /app/data/b2c/122842/b0265zy/Rialto-AMD/npu/runtime/kernelinstance.py
2025-07-18 12:49:55,445 - Knowledge - INFO - worker kw15 pull /app/data/b2c/122842/b0265zy/Rialto-AMD/npu/utils/appviz.py from ingest queue
2025-07-18 12:49:55,508 - Knowledge - INFO - worker kw3 pull /app/data/b2c/122842/b0265zy/Rialto-AMD/npu/utils/svg_config.py from ingest queue
2025-07-18 12:49:55,777 - Knowledge - INFO - Thread kw3 - File svg_config.py - Remaining files in queue: 67
2025-07-18 12:49:55,678 - Knowledge - INFO - Thread kw15 - File appviz.py - Remaining files in queue: 67
2025-07-18 12:49:55,706 - Knowledge - INFO - done ingest for /app/data/b2c/122842/b0265zy/Rialto-AMD/tests/test_imgread.py
2025-07-18 12:49:55,522 - Knowledge - INFO - worker kw13 pull /app/data/b2c/122842/b0265zy/Rialto-AMD/npu/utils/__init__.py from ingest queue
2025-07-18 12:49:55,866 - Knowledge - INFO - start ingest for /app/data/b2c/122842/b0265zy/Rialto-AMD/npu/utils/svg_config.py
2025-07-18 12:49:55,956 - Knowledge - INFO - start ingest for /app/data/b2c/122842/b0265zy/Rialto-AMD/npu/utils/appviz.py
2025-07-18 12:49:56,170 - Knowledge - INFO - process ingested knowledge for /app/data/b2c/122842/b0265zy/Rialto-AMD/tests/test_imgread.py
2025-07-18 12:49:56,201 - Knowledge - INFO - Thread kw13 - File __init__.py - Remaining files in queue: 67
2025-07-18 12:49:56,359 - Knowledge - INFO - persist search terms embedding for npu/runtime/kernelinstance.py
2025-07-18 12:49:56,660 - Knowledge - INFO - start ingest for /app/data/b2c/122842/b0265zy/Rialto-AMD/npu/utils/__init__.py
2025-07-18 12:49:56,792 - Knowledge - INFO - Found code-base-name: https://github.com/Kavia-Admin/Rialto-AMD.git:main
2025-07-18 12:49:56,801 - Knowledge - INFO - worker kw14 pull /app/data/b2c/122842/b0265zy/Rialto-AMD/npu/utils/svg.py from ingest queue
2025-07-18 12:49:56,970 - Knowledge - INFO - Found code_base: <app.utils.kg_build.knowledge.KnowledgeCodeBase object at 0x7f32cffd1b90>
2025-07-18 12:49:57,046 - Knowledge - INFO - Thread kw14 - File svg.py - Remaining files in queue: 66
2025-07-18 12:49:57,156 - Knowledge - INFO - persist ingested knowledge for /app/data/b2c/122842/b0265zy/Rialto-AMD/tests/test_imgread.py
2025-07-18 12:49:57,278 - Knowledge - INFO - start ingest for /app/data/b2c/122842/b0265zy/Rialto-AMD/npu/utils/svg.py
2025-07-18 12:49:58,167 - Knowledge - INFO - persist search terms embedding for tests/test_imgread.py
2025-07-18 12:49:58,269 - Knowledge - INFO - worker kw11 pull /app/data/b2c/122842/b0265zy/Rialto-AMD/npu/utils/test_device.py from ingest queue
2025-07-18 12:49:58,340 - Knowledge - INFO - Thread kw11 - File test_device.py - Remaining files in queue: 65
2025-07-18 12:49:58,461 - Knowledge - INFO - start ingest for /app/data/b2c/122842/b0265zy/Rialto-AMD/npu/utils/test_device.py
2025-07-18 12:50:09,490 - Knowledge - INFO - done ingest for /app/data/b2c/122842/b0265zy/Rialto-AMD/npu/utils/aiekernels.py
2025-07-18 12:50:09,739 - Knowledge - INFO - process ingested knowledge for /app/data/b2c/122842/b0265zy/Rialto-AMD/npu/utils/aiekernels.py
2025-07-18 12:50:09,885 - Knowledge - INFO - Found code-base-name: https://github.com/Kavia-Admin/Rialto-AMD.git:main
2025-07-18 12:50:09,994 - Knowledge - INFO - Found code_base: <app.utils.kg_build.knowledge.KnowledgeCodeBase object at 0x7f32cffd1b90>
2025-07-18 12:50:10,135 - Knowledge - INFO - persist ingested knowledge for /app/data/b2c/122842/b0265zy/Rialto-AMD/npu/utils/aiekernels.py
2025-07-18 12:50:10,931 - Knowledge - INFO - done ingest for /app/data/b2c/122842/b0265zy/Rialto-AMD/tests/test_applications.py
2025-07-18 12:50:11,343 - Knowledge - INFO - persist search terms embedding for npu/utils/aiekernels.py
2025-07-18 12:50:11,725 - Knowledge - INFO - process ingested knowledge for /app/data/b2c/122842/b0265zy/Rialto-AMD/tests/test_applications.py
2025-07-18 12:50:11,761 - Knowledge - INFO - worker kw12 pull /app/data/b2c/122842/b0265zy/Rialto-AMD/npu/utils/imgplot.py from ingest queue
2025-07-18 12:50:11,972 - Knowledge - INFO - Thread kw12 - File imgplot.py - Remaining files in queue: 64
2025-07-18 12:50:11,927 - Knowledge - INFO - Found code-base-name: https://github.com/Kavia-Admin/Rialto-AMD.git:main
2025-07-18 12:50:12,214 - Knowledge - INFO - Found code_base: <app.utils.kg_build.knowledge.KnowledgeCodeBase object at 0x7f32cffd1b90>
2025-07-18 12:50:12,060 - Knowledge - INFO - start ingest for /app/data/b2c/122842/b0265zy/Rialto-AMD/npu/utils/imgplot.py
2025-07-18 12:50:12,352 - Knowledge - INFO - persist ingested knowledge for /app/data/b2c/122842/b0265zy/Rialto-AMD/tests/test_applications.py
2025-07-18 12:50:13,210 - Knowledge - INFO - persist search terms embedding for tests/test_applications.py
2025-07-18 12:50:13,342 - Knowledge - INFO - worker kw4 pull /app/data/b2c/122842/b0265zy/Rialto-AMD/npu/lib/cached/__init__.py from ingest queue
2025-07-18 12:50:13,459 - Knowledge - INFO - Thread kw4 - File __init__.py - Remaining files in queue: 63
2025-07-18 12:50:13,602 - Knowledge - INFO - start ingest for /app/data/b2c/122842/b0265zy/Rialto-AMD/npu/lib/cached/__init__.py
2025-07-18 12:50:15,520 - Knowledge - INFO - done ingest for /app/data/b2c/122842/b0265zy/Rialto-AMD/npu/runtime/sequence.py
2025-07-18 12:50:15,722 - Knowledge - INFO - process ingested knowledge for /app/data/b2c/122842/b0265zy/Rialto-AMD/npu/runtime/sequence.py
2025-07-18 12:50:15,851 - Knowledge - INFO - Found code-base-name: https://github.com/Kavia-Admin/Rialto-AMD.git:main
2025-07-18 12:50:16,020 - Knowledge - INFO - Found code_base: <app.utils.kg_build.knowledge.KnowledgeCodeBase object at 0x7f32cffd1b90>
2025-07-18 12:50:16,114 - Knowledge - INFO - persist ingested knowledge for /app/data/b2c/122842/b0265zy/Rialto-AMD/npu/runtime/sequence.py
2025-07-18 12:50:16,910 - Knowledge - INFO - persist search terms embedding for npu/runtime/sequence.py
2025-07-18 12:50:17,000 - Knowledge - INFO - worker kw8 pull /app/data/b2c/122842/b0265zy/Rialto-AMD/npu/utils/nputop.py from ingest queue
2025-07-18 12:50:17,096 - Knowledge - INFO - Thread kw8 - File nputop.py - Remaining files in queue: 62
2025-07-18 12:50:17,195 - Knowledge - INFO - start ingest for /app/data/b2c/122842/b0265zy/Rialto-AMD/npu/utils/nputop.py
2025-07-18 12:50:17,715 - Knowledge - INFO - done ingest for /app/data/b2c/122842/b0265zy/Rialto-AMD/npu/utils/videoapps.py
2025-07-18 12:50:18,000 - Knowledge - INFO - process ingested knowledge for /app/data/b2c/122842/b0265zy/Rialto-AMD/npu/utils/videoapps.py
2025-07-18 12:50:18,214 - Knowledge - INFO - Found code-base-name: https://github.com/Kavia-Admin/Rialto-AMD.git:main
2025-07-18 12:50:18,236 - Knowledge - INFO - done ingest for /app/data/b2c/122842/b0265zy/Rialto-AMD/tests/test_callgraphs.py
2025-07-18 12:50:18,327 - Knowledge - INFO - Found code_base: <app.utils.kg_build.knowledge.KnowledgeCodeBase object at 0x7f32cffd1b90>
2025-07-18 12:50:18,538 - Knowledge - INFO - process ingested knowledge for /app/data/b2c/122842/b0265zy/Rialto-AMD/tests/test_callgraphs.py
2025-07-18 12:50:18,554 - Knowledge - INFO - persist ingested knowledge for /app/data/b2c/122842/b0265zy/Rialto-AMD/npu/utils/videoapps.py
2025-07-18 12:50:18,674 - Knowledge - INFO - Found code-base-name: https://github.com/Kavia-Admin/Rialto-AMD.git:main
2025-07-18 12:50:18,841 - Knowledge - INFO - Found code_base: <app.utils.kg_build.knowledge.KnowledgeCodeBase object at 0x7f32cffd1b90>
2025-07-18 12:50:18,931 - Knowledge - INFO - persist ingested knowledge for /app/data/b2c/122842/b0265zy/Rialto-AMD/tests/test_callgraphs.py
2025-07-18 12:50:19,504 - Knowledge - INFO - persist search terms embedding for npu/utils/videoapps.py
2025-07-18 12:50:20,318 - Knowledge - INFO - persist search terms embedding for tests/test_callgraphs.py
2025-07-18 12:50:20,448 - Knowledge - INFO - worker kw7 pull /app/data/b2c/122842/b0265zy/Rialto-AMD/npu/lib/kernels/gray2rgba.py from ingest queue
2025-07-18 12:50:20,476 - Knowledge - INFO - worker kw6 pull /app/data/b2c/122842/b0265zy/Rialto-AMD/npu/repr_dict.py from ingest queue
2025-07-18 12:50:20,565 - Knowledge - INFO - Thread kw7 - File gray2rgba.py - Remaining files in queue: 60
2025-07-18 12:50:20,749 - Knowledge - INFO - Thread kw6 - File repr_dict.py - Remaining files in queue: 60
2025-07-18 12:50:20,905 - Knowledge - INFO - start ingest for /app/data/b2c/122842/b0265zy/Rialto-AMD/npu/lib/kernels/gray2rgba.py
2025-07-18 12:50:21,037 - Knowledge - INFO - start ingest for /app/data/b2c/122842/b0265zy/Rialto-AMD/npu/repr_dict.py
2025-07-18 12:50:21,082 - Knowledge - INFO - done ingest for /app/data/b2c/122842/b0265zy/Rialto-AMD/npu/utils/imgread.py
2025-07-18 12:50:21,087 - Knowledge - INFO - done ingest for /app/data/b2c/122842/b0265zy/Rialto-AMD/npu/lib/cached/__init__.py
2025-07-18 12:50:21,449 - Knowledge - INFO - process ingested knowledge for /app/data/b2c/122842/b0265zy/Rialto-AMD/npu/utils/imgread.py
2025-07-18 12:50:21,529 - Knowledge - INFO - process ingested knowledge for /app/data/b2c/122842/b0265zy/Rialto-AMD/npu/lib/cached/__init__.py
2025-07-18 12:50:21,675 - Knowledge - INFO - Found code-base-name: https://github.com/Kavia-Admin/Rialto-AMD.git:main
2025-07-18 12:50:21,870 - Knowledge - INFO - Found code_base: <app.utils.kg_build.knowledge.KnowledgeCodeBase object at 0x7f32cffd1b90>
2025-07-18 12:50:21,780 - Knowledge - INFO - Found code-base-name: https://github.com/Kavia-Admin/Rialto-AMD.git:main
2025-07-18 12:50:21,962 - Knowledge - INFO - persist ingested knowledge for /app/data/b2c/122842/b0265zy/Rialto-AMD/npu/utils/imgread.py
2025-07-18 12:50:22,093 - Knowledge - INFO - Found code_base: <app.utils.kg_build.knowledge.KnowledgeCodeBase object at 0x7f32cffd1b90>
2025-07-18 12:50:22,318 - Knowledge - INFO - persist ingested knowledge for /app/data/b2c/122842/b0265zy/Rialto-AMD/npu/lib/cached/__init__.py
2025-07-18 12:50:22,807 - Knowledge - INFO - persist search terms embedding for npu/utils/imgread.py
2025-07-18 12:50:23,322 - Knowledge - INFO - done ingest for /app/data/b2c/122842/b0265zy/Rialto-AMD/npu/runtime/__init__.py
2025-07-18 12:50:23,350 - Knowledge - INFO - worker kw9 pull /app/data/b2c/122842/b0265zy/Rialto-AMD/npu/lib/kernels/rgba2gray.py from ingest queue
2025-07-18 12:50:23,354 - Knowledge - INFO - worker kw4 pull /app/data/b2c/122842/b0265zy/Rialto-AMD/npu/utils/xbutil.py from ingest queue
2025-07-18 12:50:23,527 - Knowledge - INFO - process ingested knowledge for /app/data/b2c/122842/b0265zy/Rialto-AMD/npu/runtime/__init__.py
2025-07-18 12:50:23,558 - Knowledge - INFO - Thread kw9 - File rgba2gray.py - Remaining files in queue: 58
2025-07-18 12:50:23,696 - Knowledge - INFO - Thread kw4 - File xbutil.py - Remaining files in queue: 58
2025-07-18 12:50:23,842 - Knowledge - INFO - Found code-base-name: https://github.com/Kavia-Admin/Rialto-AMD.git:main
2025-07-18 12:50:23,939 - Knowledge - INFO - start ingest for /app/data/b2c/122842/b0265zy/Rialto-AMD/npu/lib/kernels/rgba2gray.py
2025-07-18 12:50:24,046 - Knowledge - INFO - start ingest for /app/data/b2c/122842/b0265zy/Rialto-AMD/npu/utils/xbutil.py
2025-07-18 12:50:24,141 - Knowledge - INFO - Found code_base: <app.utils.kg_build.knowledge.KnowledgeCodeBase object at 0x7f32cffd1b90>
2025-07-18 12:50:24,507 - Knowledge - INFO - persist ingested knowledge for /app/data/b2c/122842/b0265zy/Rialto-AMD/npu/runtime/__init__.py
2025-07-18 12:50:25,419 - Knowledge - INFO - persist search terms embedding for npu/runtime/__init__.py
2025-07-18 12:50:25,522 - Knowledge - INFO - worker kw10 pull /app/data/b2c/122842/b0265zy/Rialto-AMD/npu/lib/kernels/threshold.py from ingest queue
2025-07-18 12:50:25,634 - Knowledge - INFO - Thread kw10 - File threshold.py - Remaining files in queue: 57
2025-07-18 12:50:25,749 - Knowledge - INFO - start ingest for /app/data/b2c/122842/b0265zy/Rialto-AMD/npu/lib/kernels/threshold.py
2025-07-18 12:50:27,506 - Knowledge - INFO - done ingest for /app/data/b2c/122842/b0265zy/Rialto-AMD/npu/utils/__init__.py
2025-07-18 12:50:27,740 - Knowledge - INFO - process ingested knowledge for /app/data/b2c/122842/b0265zy/Rialto-AMD/npu/utils/__init__.py
2025-07-18 12:50:27,843 - Knowledge - INFO - Found code-base-name: https://github.com/Kavia-Admin/Rialto-AMD.git:main
2025-07-18 12:50:27,950 - Knowledge - INFO - Found code_base: <app.utils.kg_build.knowledge.KnowledgeCodeBase object at 0x7f32cffd1b90>
2025-07-18 12:50:28,022 - Knowledge - INFO - persist ingested knowledge for /app/data/b2c/122842/b0265zy/Rialto-AMD/npu/utils/__init__.py
2025-07-18 12:50:28,789 - Knowledge - INFO - persist search terms embedding for npu/utils/__init__.py
2025-07-18 12:50:28,869 - Knowledge - INFO - worker kw13 pull /app/data/b2c/122842/b0265zy/Rialto-AMD/npu/lib/kernels/bitwiseand.py from ingest queue
2025-07-18 12:50:28,962 - Knowledge - INFO - Thread kw13 - File bitwiseand.py - Remaining files in queue: 56
2025-07-18 12:50:29,057 - Knowledge - INFO - start ingest for /app/data/b2c/122842/b0265zy/Rialto-AMD/npu/lib/kernels/bitwiseand.py
2025-07-18 12:50:33,115 - Knowledge - INFO - done ingest for /app/data/b2c/122842/b0265zy/Rialto-AMD/npu/utils/display_widget.py
2025-07-18 12:50:33,320 - Knowledge - INFO - process ingested knowledge for /app/data/b2c/122842/b0265zy/Rialto-AMD/npu/utils/display_widget.py
2025-07-18 12:50:33,438 - Knowledge - INFO - Found code-base-name: https://github.com/Kavia-Admin/Rialto-AMD.git:main
2025-07-18 12:50:33,533 - Knowledge - INFO - done ingest for /app/data/b2c/122842/b0265zy/Rialto-AMD/npu/utils/nputop.py
2025-07-18 12:50:33,564 - Knowledge - INFO - Found code_base: <app.utils.kg_build.knowledge.KnowledgeCodeBase object at 0x7f32cffd1b90>
2025-07-18 12:50:33,819 - Knowledge - INFO - process ingested knowledge for /app/data/b2c/122842/b0265zy/Rialto-AMD/npu/utils/nputop.py
2025-07-18 12:50:33,850 - Knowledge - INFO - persist ingested knowledge for /app/data/b2c/122842/b0265zy/Rialto-AMD/npu/utils/display_widget.py
2025-07-18 12:50:33,996 - Knowledge - INFO - Found code-base-name: https://github.com/Kavia-Admin/Rialto-AMD.git:main
2025-07-18 12:50:34,192 - Knowledge - INFO - Found code_base: <app.utils.kg_build.knowledge.KnowledgeCodeBase object at 0x7f32cffd1b90>
2025-07-18 12:50:34,293 - Knowledge - INFO - persist ingested knowledge for /app/data/b2c/122842/b0265zy/Rialto-AMD/npu/utils/nputop.py
2025-07-18 12:50:34,745 - Knowledge - INFO - done ingest for /app/data/b2c/122842/b0265zy/Rialto-AMD/npu/utils/imgplot.py
2025-07-18 12:50:34,900 - Knowledge - INFO - process ingested knowledge for /app/data/b2c/122842/b0265zy/Rialto-AMD/npu/utils/imgplot.py
2025-07-18 12:50:34,909 - Knowledge - INFO - done ingest for /app/data/b2c/122842/b0265zy/Rialto-AMD/npu/utils/svg_config.py
2025-07-18 12:50:35,123 - Knowledge - INFO - persist search terms embedding for npu/utils/display_widget.py
2025-07-18 12:50:35,144 - Knowledge - INFO - process ingested knowledge for /app/data/b2c/122842/b0265zy/Rialto-AMD/npu/utils/svg_config.py
2025-07-18 12:50:35,923 - Knowledge - INFO - persist search terms embedding for npu/utils/nputop.py
2025-07-18 12:50:36,021 - Knowledge - INFO - Found code-base-name: https://github.com/Kavia-Admin/Rialto-AMD.git:main
2025-07-18 12:50:36,026 - Knowledge - INFO - worker kw2 pull /app/data/b2c/122842/b0265zy/Rialto-AMD/npu/lib/kernels/cpp/bitwiseAnd_scalar.cpp from ingest queue
2025-07-18 12:50:36,043 - Knowledge - INFO - Found code-base-name: https://github.com/Kavia-Admin/Rialto-AMD.git:main
2025-07-18 12:50:36,045 - Knowledge - INFO - worker kw8 pull /app/data/b2c/122842/b0265zy/Rialto-AMD/npu/lib/kernels/median.py from ingest queue
2025-07-18 12:50:36,132 - Knowledge - INFO - Found code_base: <app.utils.kg_build.knowledge.KnowledgeCodeBase object at 0x7f32cffd1b90>
2025-07-18 12:50:36,237 - Knowledge - INFO - Thread kw2 - File bitwiseAnd_scalar.cpp - Remaining files in queue: 54
2025-07-18 12:50:36,330 - Knowledge - INFO - Found code_base: <app.utils.kg_build.knowledge.KnowledgeCodeBase object at 0x7f32cffd1b90>
2025-07-18 12:50:36,435 - Knowledge - INFO - Thread kw8 - File median.py - Remaining files in queue: 54
2025-07-18 12:50:36,528 - Knowledge - INFO - persist ingested knowledge for /app/data/b2c/122842/b0265zy/Rialto-AMD/npu/utils/imgplot.py
2025-07-18 12:50:36,668 - Knowledge - INFO - start ingest for /app/data/b2c/122842/b0265zy/Rialto-AMD/npu/lib/kernels/cpp/bitwiseAnd_scalar.cpp
2025-07-18 12:50:36,779 - Knowledge - INFO - persist ingested knowledge for /app/data/b2c/122842/b0265zy/Rialto-AMD/npu/utils/svg_config.py
2025-07-18 12:50:36,893 - Knowledge - INFO - start ingest for /app/data/b2c/122842/b0265zy/Rialto-AMD/npu/lib/kernels/median.py
2025-07-18 12:50:37,678 - Knowledge - INFO - persist search terms embedding for npu/utils/imgplot.py
2025-07-18 12:50:38,520 - Knowledge - INFO - persist search terms embedding for npu/utils/svg_config.py
2025-07-18 12:50:38,626 - Knowledge - INFO - worker kw12 pull /app/data/b2c/122842/b0265zy/Rialto-AMD/npu/lib/kernels/cpp/addWeighted_scalar.cpp from ingest queue
2025-07-18 12:50:38,641 - Knowledge - INFO - worker kw3 pull /app/data/b2c/122842/b0265zy/Rialto-AMD/npu/lib/kernels/plusn.py from ingest queue
2025-07-18 12:50:38,772 - Knowledge - INFO - Thread kw12 - File addWeighted_scalar.cpp - Remaining files in queue: 52
2025-07-18 12:50:38,878 - Knowledge - INFO - Thread kw3 - File plusn.py - Remaining files in queue: 52
2025-07-18 12:50:38,990 - Knowledge - INFO - start ingest for /app/data/b2c/122842/b0265zy/Rialto-AMD/npu/lib/kernels/cpp/addWeighted_scalar.cpp
2025-07-18 12:50:39,093 - Knowledge - INFO - start ingest for /app/data/b2c/122842/b0265zy/Rialto-AMD/npu/lib/kernels/plusn.py
2025-07-18 12:50:41,037 - Knowledge - INFO - done ingest for /app/data/b2c/122842/b0265zy/Rialto-AMD/npu/utils/test_device.py
2025-07-18 12:50:41,647 - Knowledge - INFO - process ingested knowledge for /app/data/b2c/122842/b0265zy/Rialto-AMD/npu/utils/test_device.py
2025-07-18 12:50:41,800 - Knowledge - INFO - Found code-base-name: https://github.com/Kavia-Admin/Rialto-AMD.git:main
2025-07-18 12:50:41,911 - Knowledge - INFO - Found code_base: <app.utils.kg_build.knowledge.KnowledgeCodeBase object at 0x7f32cffd1b90>
2025-07-18 12:50:41,999 - Knowledge - INFO - persist ingested knowledge for /app/data/b2c/122842/b0265zy/Rialto-AMD/npu/utils/test_device.py
2025-07-18 12:50:42,962 - Knowledge - INFO - persist search terms embedding for npu/utils/test_device.py
2025-07-18 12:50:43,076 - Knowledge - INFO - worker kw11 pull /app/data/b2c/122842/b0265zy/Rialto-AMD/npu/lib/kernels/cpp/lut_inv_8b.h from ingest queue
2025-07-18 12:50:43,155 - Knowledge - INFO - Thread kw11 - File lut_inv_8b.h - Remaining files in queue: 51
2025-07-18 12:50:43,256 - Knowledge - INFO - start ingest for /app/data/b2c/122842/b0265zy/Rialto-AMD/npu/lib/kernels/cpp/lut_inv_8b.h
2025-07-18 12:50:50,999 - Knowledge - INFO - done ingest for /app/data/b2c/122842/b0265zy/Rialto-AMD/npu/lib/kernels/gray2rgba.py
2025-07-18 12:50:51,200 - Knowledge - INFO - process ingested knowledge for /app/data/b2c/122842/b0265zy/Rialto-AMD/npu/lib/kernels/gray2rgba.py
2025-07-18 12:50:51,342 - Knowledge - INFO - Found code-base-name: https://github.com/Kavia-Admin/Rialto-AMD.git:main
2025-07-18 12:50:51,434 - Knowledge - INFO - Found code_base: <app.utils.kg_build.knowledge.KnowledgeCodeBase object at 0x7f32cffd1b90>
2025-07-18 12:50:51,514 - Knowledge - INFO - persist ingested knowledge for /app/data/b2c/122842/b0265zy/Rialto-AMD/npu/lib/kernels/gray2rgba.py
2025-07-18 12:50:52,570 - Knowledge - INFO - persist search terms embedding for npu/lib/kernels/gray2rgba.py
2025-07-18 12:50:52,634 - Knowledge - INFO - done ingest for /app/data/b2c/122842/b0265zy/Rialto-AMD/npu/repr_dict.py
2025-07-18 12:50:52,706 - Knowledge - INFO - worker kw7 pull /app/data/b2c/122842/b0265zy/Rialto-AMD/npu/lib/kernels/cpp/rgba_inverse.cpp from ingest queue
2025-07-18 12:50:52,891 - Knowledge - INFO - process ingested knowledge for /app/data/b2c/122842/b0265zy/Rialto-AMD/npu/repr_dict.py
2025-07-18 12:50:52,931 - Knowledge - INFO - Thread kw7 - File rgba_inverse.cpp - Remaining files in queue: 50
2025-07-18 12:50:53,067 - Knowledge - INFO - Found code-base-name: https://github.com/Kavia-Admin/Rialto-AMD.git:main
2025-07-18 12:50:53,227 - Knowledge - INFO - start ingest for /app/data/b2c/122842/b0265zy/Rialto-AMD/npu/lib/kernels/cpp/rgba_inverse.cpp
2025-07-18 12:50:53,356 - Knowledge - INFO - Found code_base: <app.utils.kg_build.knowledge.KnowledgeCodeBase object at 0x7f32cffd1b90>
2025-07-18 12:50:53,560 - Knowledge - INFO - persist ingested knowledge for /app/data/b2c/122842/b0265zy/Rialto-AMD/npu/repr_dict.py
2025-07-18 12:50:54,592 - Knowledge - INFO - persist search terms embedding for npu/repr_dict.py
2025-07-18 12:50:54,772 - Knowledge - INFO - worker kw6 pull /app/data/b2c/122842/b0265zy/Rialto-AMD/npu/lib/kernels/filter2d.py from ingest queue
2025-07-18 12:50:54,861 - Knowledge - INFO - Thread kw6 - File filter2d.py - Remaining files in queue: 49
2025-07-18 12:50:54,977 - Knowledge - INFO - start ingest for /app/data/b2c/122842/b0265zy/Rialto-AMD/npu/lib/kernels/filter2d.py
2025-07-18 12:50:56,041 - Knowledge - INFO - done ingest for /app/data/b2c/122842/b0265zy/Rialto-AMD/npu/lib/kernels/rgba2gray.py
2025-07-18 12:50:56,214 - Knowledge - INFO - process ingested knowledge for /app/data/b2c/122842/b0265zy/Rialto-AMD/npu/lib/kernels/rgba2gray.py
2025-07-18 12:50:56,317 - Knowledge - INFO - Found code-base-name: https://github.com/Kavia-Admin/Rialto-AMD.git:main
2025-07-18 12:50:56,453 - Knowledge - INFO - Found code_base: <app.utils.kg_build.knowledge.KnowledgeCodeBase object at 0x7f32cffd1b90>
2025-07-18 12:50:56,547 - Knowledge - INFO - persist ingested knowledge for /app/data/b2c/122842/b0265zy/Rialto-AMD/npu/lib/kernels/rgba2gray.py
2025-07-18 12:50:57,328 - Knowledge - INFO - persist search terms embedding for npu/lib/kernels/rgba2gray.py
2025-07-18 12:50:57,427 - Knowledge - INFO - worker kw9 pull /app/data/b2c/122842/b0265zy/Rialto-AMD/npu/lib/kernels/rgba_inverse.py from ingest queue
2025-07-18 12:50:57,509 - Knowledge - INFO - Thread kw9 - File rgba_inverse.py - Remaining files in queue: 48
2025-07-18 12:50:57,611 - Knowledge - INFO - start ingest for /app/data/b2c/122842/b0265zy/Rialto-AMD/npu/lib/kernels/rgba_inverse.py
2025-07-18 12:50:57,978 - Knowledge - INFO - done ingest for /app/data/b2c/122842/b0265zy/Rialto-AMD/npu/lib/kernels/bitwiseand.py
2025-07-18 12:50:58,160 - Knowledge - INFO - process ingested knowledge for /app/data/b2c/122842/b0265zy/Rialto-AMD/npu/lib/kernels/bitwiseand.py
2025-07-18 12:50:58,263 - Knowledge - INFO - Found code-base-name: https://github.com/Kavia-Admin/Rialto-AMD.git:main
2025-07-18 12:50:58,368 - Knowledge - INFO - Found code_base: <app.utils.kg_build.knowledge.KnowledgeCodeBase object at 0x7f32cffd1b90>
2025-07-18 12:50:58,462 - Knowledge - INFO - persist ingested knowledge for /app/data/b2c/122842/b0265zy/Rialto-AMD/npu/lib/kernels/bitwiseand.py
2025-07-18 12:50:59,156 - Knowledge - INFO - done ingest for /app/data/b2c/122842/b0265zy/Rialto-AMD/npu/lib/kernels/threshold.py
2025-07-18 12:50:59,227 - Knowledge - INFO - persist search terms embedding for npu/lib/kernels/bitwiseand.py
2025-07-18 12:50:59,407 - Knowledge - INFO - worker kw13 pull /app/data/b2c/122842/b0265zy/Rialto-AMD/npu/lib/kernels/addweighted.py from ingest queue
2025-07-18 12:50:59,417 - Knowledge - INFO - process ingested knowledge for /app/data/b2c/122842/b0265zy/Rialto-AMD/npu/lib/kernels/threshold.py
2025-07-18 12:50:59,533 - Knowledge - INFO - Thread kw13 - File addweighted.py - Remaining files in queue: 47
2025-07-18 12:50:59,686 - Knowledge - INFO - Found code-base-name: https://github.com/Kavia-Admin/Rialto-AMD.git:main
2025-07-18 12:50:59,793 - Knowledge - INFO - start ingest for /app/data/b2c/122842/b0265zy/Rialto-AMD/npu/lib/kernels/addweighted.py
2025-07-18 12:50:59,885 - Knowledge - INFO - Found code_base: <app.utils.kg_build.knowledge.KnowledgeCodeBase object at 0x7f32cffd1b90>
2025-07-18 12:51:00,139 - Knowledge - INFO - persist ingested knowledge for /app/data/b2c/122842/b0265zy/Rialto-AMD/npu/lib/kernels/threshold.py
2025-07-18 12:51:01,271 - Knowledge - INFO - persist search terms embedding for npu/lib/kernels/threshold.py
2025-07-18 12:51:01,376 - Knowledge - INFO - worker kw10 pull /app/data/b2c/122842/b0265zy/Rialto-AMD/npu/lib/kernels/cpp/filter2d.h from ingest queue
2025-07-18 12:51:01,472 - Knowledge - INFO - Thread kw10 - File filter2d.h - Remaining files in queue: 46
2025-07-18 12:51:01,571 - Knowledge - INFO - start ingest for /app/data/b2c/122842/b0265zy/Rialto-AMD/npu/lib/kernels/cpp/filter2d.h
2025-07-18 12:51:03,162 - Knowledge - INFO - done ingest for /app/data/b2c/122842/b0265zy/Rialto-AMD/npu/lib/kernels/cpp/bitwiseAnd_scalar.cpp
2025-07-18 12:51:03,405 - Knowledge - INFO - process ingested knowledge for /app/data/b2c/122842/b0265zy/Rialto-AMD/npu/lib/kernels/cpp/bitwiseAnd_scalar.cpp
2025-07-18 12:51:03,527 - Knowledge - INFO - Found code-base-name: https://github.com/Kavia-Admin/Rialto-AMD.git:main
2025-07-18 12:51:03,657 - Knowledge - INFO - Found code_base: <app.utils.kg_build.knowledge.KnowledgeCodeBase object at 0x7f32cffd1b90>
2025-07-18 12:51:03,785 - Knowledge - INFO - persist ingested knowledge for /app/data/b2c/122842/b0265zy/Rialto-AMD/npu/lib/kernels/cpp/bitwiseAnd_scalar.cpp
2025-07-18 12:51:04,632 - Knowledge - INFO - persist search terms embedding for npu/lib/kernels/cpp/bitwiseAnd_scalar.cpp
2025-07-18 12:51:04,774 - Knowledge - INFO - worker kw2 pull /app/data/b2c/122842/b0265zy/Rialto-AMD/npu/lib/kernels/cpp/median_scalar.cpp from ingest queue
2025-07-18 12:51:04,843 - Knowledge - INFO - done ingest for /app/data/b2c/122842/b0265zy/Rialto-AMD/npu/lib/kernels/cpp/lut_inv_8b.h
2025-07-18 12:51:04,876 - Knowledge - INFO - Thread kw2 - File median_scalar.cpp - Remaining files in queue: 45
2025-07-18 12:51:05,110 - Knowledge - INFO - start ingest for /app/data/b2c/122842/b0265zy/Rialto-AMD/npu/lib/kernels/cpp/median_scalar.cpp
2025-07-18 12:51:05,116 - Knowledge - INFO - process ingested knowledge for /app/data/b2c/122842/b0265zy/Rialto-AMD/npu/lib/kernels/cpp/lut_inv_8b.h
2025-07-18 12:51:05,363 - Knowledge - INFO - Found code-base-name: https://github.com/Kavia-Admin/Rialto-AMD.git:main
2025-07-18 12:51:05,470 - Knowledge - INFO - Found code_base: <app.utils.kg_build.knowledge.KnowledgeCodeBase object at 0x7f32cffd1b90>
2025-07-18 12:51:05,556 - Knowledge - INFO - persist ingested knowledge for /app/data/b2c/122842/b0265zy/Rialto-AMD/npu/lib/kernels/cpp/lut_inv_8b.h
2025-07-18 12:51:06,414 - Knowledge - INFO - persist search terms embedding for npu/lib/kernels/cpp/lut_inv_8b.h
2025-07-18 12:51:06,554 - Knowledge - INFO - done ingest for /app/data/b2c/122842/b0265zy/Rialto-AMD/npu/lib/kernels/median.py
2025-07-18 12:51:06,555 - Knowledge - INFO - worker kw11 pull /app/data/b2c/122842/b0265zy/Rialto-AMD/npu/lib/kernels/cpp/threshold_grayscale.cpp from ingest queue
2025-07-18 12:51:06,717 - Knowledge - INFO - process ingested knowledge for /app/data/b2c/122842/b0265zy/Rialto-AMD/npu/lib/kernels/median.py
2025-07-18 12:51:06,778 - Knowledge - INFO - Thread kw11 - File threshold_grayscale.cpp - Remaining files in queue: 44
2025-07-18 12:51:06,954 - Knowledge - INFO - Found code-base-name: https://github.com/Kavia-Admin/Rialto-AMD.git:main
2025-07-18 12:51:07,038 - Knowledge - INFO - start ingest for /app/data/b2c/122842/b0265zy/Rialto-AMD/npu/lib/kernels/cpp/threshold_grayscale.cpp
2025-07-18 12:51:07,161 - Knowledge - INFO - Found code_base: <app.utils.kg_build.knowledge.KnowledgeCodeBase object at 0x7f32cffd1b90>
2025-07-18 12:51:07,370 - Knowledge - INFO - persist ingested knowledge for /app/data/b2c/122842/b0265zy/Rialto-AMD/npu/lib/kernels/median.py
2025-07-18 12:51:08,046 - Knowledge - INFO - persist search terms embedding for npu/lib/kernels/median.py
2025-07-18 12:51:08,146 - Knowledge - INFO - worker kw8 pull /app/data/b2c/122842/b0265zy/Rialto-AMD/npu/lib/kernels/cpp/filter2d_1080p_scalar.cpp from ingest queue
2025-07-18 12:51:08,270 - Knowledge - INFO - Thread kw8 - File filter2d_1080p_scalar.cpp - Remaining files in queue: 43
2025-07-18 12:51:08,390 - Knowledge - INFO - start ingest for /app/data/b2c/122842/b0265zy/Rialto-AMD/npu/lib/kernels/cpp/filter2d_1080p_scalar.cpp
2025-07-18 12:51:08,649 - Knowledge - INFO - done ingest for /app/data/b2c/122842/b0265zy/Rialto-AMD/npu/lib/kernels/cpp/addWeighted_scalar.cpp
2025-07-18 12:51:08,878 - Knowledge - INFO - process ingested knowledge for /app/data/b2c/122842/b0265zy/Rialto-AMD/npu/lib/kernels/cpp/addWeighted_scalar.cpp
2025-07-18 12:51:09,100 - Knowledge - INFO - Found code-base-name: https://github.com/Kavia-Admin/Rialto-AMD.git:main
2025-07-18 12:51:09,195 - Knowledge - INFO - Found code_base: <app.utils.kg_build.knowledge.KnowledgeCodeBase object at 0x7f32cffd1b90>
2025-07-18 12:51:09,314 - Knowledge - INFO - persist ingested knowledge for /app/data/b2c/122842/b0265zy/Rialto-AMD/npu/lib/kernels/cpp/addWeighted_scalar.cpp
2025-07-18 12:51:10,012 - Knowledge - INFO - persist search terms embedding for npu/lib/kernels/cpp/addWeighted_scalar.cpp
2025-07-18 12:51:10,122 - Knowledge - INFO - worker kw12 pull /app/data/b2c/122842/b0265zy/Rialto-AMD/npu/lib/kernels/cpp/rgba2gray.cpp from ingest queue
2025-07-18 12:51:10,217 - Knowledge - INFO - Thread kw12 - File rgba2gray.cpp - Remaining files in queue: 42
2025-07-18 12:51:11,325 - Knowledge - INFO - done ingest for /app/data/b2c/122842/b0265zy/Rialto-AMD/npu/lib/kernels/plusn.py
2025-07-18 12:51:11,505 - Knowledge - INFO - start ingest for /app/data/b2c/122842/b0265zy/Rialto-AMD/npu/lib/kernels/cpp/rgba2gray.cpp
2025-07-18 12:51:11,708 - Knowledge - INFO - process ingested knowledge for /app/data/b2c/122842/b0265zy/Rialto-AMD/npu/lib/kernels/plusn.py
2025-07-18 12:51:11,877 - Knowledge - INFO - Found code-base-name: https://github.com/Kavia-Admin/Rialto-AMD.git:main
2025-07-18 12:51:11,995 - Knowledge - INFO - Found code_base: <app.utils.kg_build.knowledge.KnowledgeCodeBase object at 0x7f32cffd1b90>
2025-07-18 12:51:12,111 - Knowledge - INFO - persist ingested knowledge for /app/data/b2c/122842/b0265zy/Rialto-AMD/npu/lib/kernels/plusn.py
2025-07-18 12:51:13,087 - Knowledge - INFO - persist search terms embedding for npu/lib/kernels/plusn.py
2025-07-18 12:51:13,239 - Knowledge - INFO - worker kw3 pull /app/data/b2c/122842/b0265zy/Rialto-AMD/npu/lib/kernels/cpp/linebuffer.h from ingest queue
2025-07-18 12:51:13,329 - Knowledge - INFO - Thread kw3 - File linebuffer.h - Remaining files in queue: 41
2025-07-18 12:51:13,447 - Knowledge - INFO - start ingest for /app/data/b2c/122842/b0265zy/Rialto-AMD/npu/lib/kernels/cpp/linebuffer.h
2025-07-18 12:51:17,771 - Knowledge - INFO - done ingest for /app/data/b2c/122842/b0265zy/Rialto-AMD/npu/lib/kernels/cpp/rgba_inverse.cpp
2025-07-18 12:51:17,923 - Knowledge - INFO - process ingested knowledge for /app/data/b2c/122842/b0265zy/Rialto-AMD/npu/lib/kernels/cpp/rgba_inverse.cpp
2025-07-18 12:51:18,026 - Knowledge - INFO - Found code-base-name: https://github.com/Kavia-Admin/Rialto-AMD.git:main
2025-07-18 12:51:18,126 - Knowledge - INFO - Found code_base: <app.utils.kg_build.knowledge.KnowledgeCodeBase object at 0x7f32cffd1b90>
2025-07-18 12:51:19,195 - Knowledge - INFO - persist ingested knowledge for /app/data/b2c/122842/b0265zy/Rialto-AMD/npu/lib/kernels/cpp/rgba_inverse.cpp
2025-07-18 12:51:20,203 - Knowledge - INFO - persist search terms embedding for npu/lib/kernels/cpp/rgba_inverse.cpp
2025-07-18 12:51:20,359 - Knowledge - INFO - worker kw7 pull /app/data/b2c/122842/b0265zy/Rialto-AMD/npu/lib/kernels/cpp/rgba2hue.cpp from ingest queue
2025-07-18 12:51:20,384 - Knowledge - INFO - done ingest for /app/data/b2c/122842/b0265zy/Rialto-AMD/npu/utils/appviz.py
2025-07-18 12:51:20,438 - Knowledge - INFO - Thread kw7 - File rgba2hue.cpp - Remaining files in queue: 40
2025-07-18 12:51:20,699 - Knowledge - INFO - start ingest for /app/data/b2c/122842/b0265zy/Rialto-AMD/npu/lib/kernels/cpp/rgba2hue.cpp
2025-07-18 12:51:20,715 - Knowledge - INFO - process ingested knowledge for /app/data/b2c/122842/b0265zy/Rialto-AMD/npu/utils/appviz.py
2025-07-18 12:51:21,035 - Knowledge - INFO - Found code-base-name: https://github.com/Kavia-Admin/Rialto-AMD.git:main
2025-07-18 12:51:21,126 - Knowledge - INFO - Found code_base: <app.utils.kg_build.knowledge.KnowledgeCodeBase object at 0x7f32cffd1b90>
2025-07-18 12:51:21,250 - Knowledge - INFO - done ingest for /app/data/b2c/122842/b0265zy/Rialto-AMD/npu/runtime/apprunner.py
2025-07-18 12:51:21,251 - Knowledge - INFO - persist ingested knowledge for /app/data/b2c/122842/b0265zy/Rialto-AMD/npu/utils/appviz.py
2025-07-18 12:51:21,430 - Knowledge - INFO - process ingested knowledge for /app/data/b2c/122842/b0265zy/Rialto-AMD/npu/runtime/apprunner.py
2025-07-18 12:51:22,134 - Knowledge - INFO - persist search terms embedding for npu/utils/appviz.py
2025-07-18 12:51:22,283 - Knowledge - INFO - Found code-base-name: https://github.com/Kavia-Admin/Rialto-AMD.git:main
2025-07-18 12:51:22,285 - Knowledge - INFO - worker kw15 pull /app/data/b2c/122842/b0265zy/Rialto-AMD/npu/lib/kernels/cpp/rgba2hue_scalar.cpp from ingest queue
2025-07-18 12:51:22,367 - Knowledge - INFO - Found code_base: <app.utils.kg_build.knowledge.KnowledgeCodeBase object at 0x7f32cffd1b90>
2025-07-18 12:51:22,603 - Knowledge - INFO - persist ingested knowledge for /app/data/b2c/122842/b0265zy/Rialto-AMD/npu/runtime/apprunner.py
2025-07-18 12:51:22,462 - Knowledge - INFO - Thread kw15 - File rgba2hue_scalar.cpp - Remaining files in queue: 39
2025-07-18 12:51:22,816 - Knowledge - INFO - start ingest for /app/data/b2c/122842/b0265zy/Rialto-AMD/npu/lib/kernels/cpp/rgba2hue_scalar.cpp
2025-07-18 12:51:23,822 - Knowledge - INFO - persist search terms embedding for npu/runtime/apprunner.py
2025-07-18 12:51:23,911 - Knowledge - INFO - worker kw5 pull /app/data/b2c/122842/b0265zy/Rialto-AMD/npu/lib/kernels/cpp/bitwiseOr_scalar.cpp from ingest queue
2025-07-18 12:51:24,006 - Knowledge - INFO - Thread kw5 - File bitwiseOr_scalar.cpp - Remaining files in queue: 38
2025-07-18 12:51:24,118 - Knowledge - INFO - start ingest for /app/data/b2c/122842/b0265zy/Rialto-AMD/npu/lib/kernels/cpp/bitwiseOr_scalar.cpp
2025-07-18 12:51:27,393 - Knowledge - INFO - done ingest for /app/data/b2c/122842/b0265zy/Rialto-AMD/npu/lib/kernels/rgba_inverse.py
2025-07-18 12:51:27,593 - Knowledge - INFO - process ingested knowledge for /app/data/b2c/122842/b0265zy/Rialto-AMD/npu/lib/kernels/rgba_inverse.py
2025-07-18 12:51:27,739 - Knowledge - INFO - Found code-base-name: https://github.com/Kavia-Admin/Rialto-AMD.git:main
2025-07-18 12:51:27,875 - Knowledge - INFO - Found code_base: <app.utils.kg_build.knowledge.KnowledgeCodeBase object at 0x7f32cffd1b90>
2025-07-18 12:51:28,036 - Knowledge - INFO - persist ingested knowledge for /app/data/b2c/122842/b0265zy/Rialto-AMD/npu/lib/kernels/rgba_inverse.py
2025-07-18 12:51:29,045 - Knowledge - INFO - persist search terms embedding for npu/lib/kernels/rgba_inverse.py
2025-07-18 12:51:29,156 - Knowledge - INFO - worker kw9 pull /app/data/b2c/122842/b0265zy/Rialto-AMD/npu/lib/kernels/cpp/gray2rgba.cpp from ingest queue
2025-07-18 12:51:29,286 - Knowledge - INFO - Thread kw9 - File gray2rgba.cpp - Remaining files in queue: 37
2025-07-18 12:51:29,367 - Knowledge - INFO - start ingest for /app/data/b2c/122842/b0265zy/Rialto-AMD/npu/lib/kernels/cpp/gray2rgba.cpp
2025-07-18 12:51:32,059 - Knowledge - INFO - done ingest for /app/data/b2c/122842/b0265zy/Rialto-AMD/npu/lib/kernels/addweighted.py
2025-07-18 12:51:32,232 - Knowledge - INFO - process ingested knowledge for /app/data/b2c/122842/b0265zy/Rialto-AMD/npu/lib/kernels/addweighted.py
2025-07-18 12:51:32,259 - Knowledge - INFO - done ingest for /app/data/b2c/122842/b0265zy/Rialto-AMD/npu/lib/kernels/cpp/median_scalar.cpp
2025-07-18 12:51:32,351 - Knowledge - INFO - Found code-base-name: https://github.com/Kavia-Admin/Rialto-AMD.git:main
2025-07-18 12:51:32,510 - Knowledge - INFO - process ingested knowledge for /app/data/b2c/122842/b0265zy/Rialto-AMD/npu/lib/kernels/cpp/median_scalar.cpp
2025-07-18 12:51:32,539 - Knowledge - INFO - Found code_base: <app.utils.kg_build.knowledge.KnowledgeCodeBase object at 0x7f32cffd1b90>
2025-07-18 12:51:32,792 - Knowledge - INFO - persist ingested knowledge for /app/data/b2c/122842/b0265zy/Rialto-AMD/npu/lib/kernels/addweighted.py
2025-07-18 12:51:32,698 - Knowledge - INFO - Found code-base-name: https://github.com/Kavia-Admin/Rialto-AMD.git:main
2025-07-18 12:51:33,024 - Knowledge - INFO - Found code_base: <app.utils.kg_build.knowledge.KnowledgeCodeBase object at 0x7f32cffd1b90>
2025-07-18 12:51:33,099 - Knowledge - INFO - persist ingested knowledge for /app/data/b2c/122842/b0265zy/Rialto-AMD/npu/lib/kernels/cpp/median_scalar.cpp
2025-07-18 12:51:33,562 - Knowledge - INFO - persist search terms embedding for npu/lib/kernels/addweighted.py
2025-07-18 12:51:34,351 - Knowledge - INFO - persist search terms embedding for npu/lib/kernels/cpp/median_scalar.cpp
2025-07-18 12:51:34,501 - Knowledge - INFO - worker kw13 pull /app/data/b2c/122842/b0265zy/Rialto-AMD/npu/lib/kernels/cpp/filter2d_1080p.cpp from ingest queue
2025-07-18 12:51:34,515 - Knowledge - INFO - worker kw2 pull /app/data/b2c/122842/b0265zy/Rialto-AMD/npu/lib/kernels/cpp/bitwiseOr.cpp from ingest queue
2025-07-18 12:51:34,624 - Knowledge - INFO - Thread kw13 - File filter2d_1080p.cpp - Remaining files in queue: 35
2025-07-18 12:51:34,718 - Knowledge - INFO - done ingest for /app/data/b2c/122842/b0265zy/Rialto-AMD/npu/utils/xbutil.py
2025-07-18 12:51:34,738 - Knowledge - INFO - Thread kw2 - File bitwiseOr.cpp - Remaining files in queue: 35
2025-07-18 12:51:34,826 - Knowledge - INFO - start ingest for /app/data/b2c/122842/b0265zy/Rialto-AMD/npu/lib/kernels/cpp/filter2d_1080p.cpp
2025-07-18 12:51:35,018 - Knowledge - INFO - process ingested knowledge for /app/data/b2c/122842/b0265zy/Rialto-AMD/npu/utils/xbutil.py
2025-07-18 12:51:35,057 - Knowledge - INFO - done ingest for /app/data/b2c/122842/b0265zy/Rialto-AMD/npu/lib/kernels/filter2d.py
2025-07-18 12:51:35,062 - Knowledge - INFO - start ingest for /app/data/b2c/122842/b0265zy/Rialto-AMD/npu/lib/kernels/cpp/bitwiseOr.cpp
2025-07-18 12:51:35,100 - Knowledge - INFO - done ingest for /app/data/b2c/122842/b0265zy/Rialto-AMD/npu/lib/kernels/cpp/threshold_grayscale.cpp
2025-07-18 12:51:35,355 - Knowledge - INFO - done ingest for /app/data/b2c/122842/b0265zy/Rialto-AMD/npu/lib/kernels/cpp/linebuffer.h
2025-07-18 12:51:35,406 - Knowledge - INFO - Found code-base-name: https://github.com/Kavia-Admin/Rialto-AMD.git:main
2025-07-18 12:51:35,546 - Knowledge - INFO - process ingested knowledge for /app/data/b2c/122842/b0265zy/Rialto-AMD/npu/lib/kernels/filter2d.py
2025-07-18 12:51:35,787 - Knowledge - INFO - process ingested knowledge for /app/data/b2c/122842/b0265zy/Rialto-AMD/npu/lib/kernels/cpp/threshold_grayscale.cpp
2025-07-18 12:51:35,851 - Knowledge - INFO - process ingested knowledge for /app/data/b2c/122842/b0265zy/Rialto-AMD/npu/lib/kernels/cpp/linebuffer.h
2025-07-18 12:51:35,914 - Knowledge - INFO - Found code_base: <app.utils.kg_build.knowledge.KnowledgeCodeBase object at 0x7f32cffd1b90>
2025-07-18 12:51:36,085 - Knowledge - INFO - Found code-base-name: https://github.com/Kavia-Admin/Rialto-AMD.git:main
2025-07-18 12:51:36,163 - Knowledge - INFO - Found code-base-name: https://github.com/Kavia-Admin/Rialto-AMD.git:main
2025-07-18 12:51:36,264 - Knowledge - INFO - Found code-base-name: https://github.com/Kavia-Admin/Rialto-AMD.git:main
2025-07-18 12:51:36,702 - Knowledge - INFO - Found code_base: <app.utils.kg_build.knowledge.KnowledgeCodeBase object at 0x7f32cffd1b90>
2025-07-18 12:51:36,486 - Knowledge - INFO - Found code_base: <app.utils.kg_build.knowledge.KnowledgeCodeBase object at 0x7f32cffd1b90>
2025-07-18 12:51:36,912 - Knowledge - INFO - persist ingested knowledge for /app/data/b2c/122842/b0265zy/Rialto-AMD/npu/lib/kernels/filter2d.py
2025-07-18 12:51:36,380 - Knowledge - INFO - persist ingested knowledge for /app/data/b2c/122842/b0265zy/Rialto-AMD/npu/utils/xbutil.py
2025-07-18 12:51:36,787 - Knowledge - INFO - persist ingested knowledge for /app/data/b2c/122842/b0265zy/Rialto-AMD/npu/lib/kernels/cpp/linebuffer.h
2025-07-18 12:51:36,613 - Knowledge - INFO - Found code_base: <app.utils.kg_build.knowledge.KnowledgeCodeBase object at 0x7f32cffd1b90>
2025-07-18 12:51:37,372 - Knowledge - INFO - persist ingested knowledge for /app/data/b2c/122842/b0265zy/Rialto-AMD/npu/lib/kernels/cpp/threshold_grayscale.cpp
2025-07-18 12:51:37,351 - Knowledge - INFO - done ingest for /app/data/b2c/122842/b0265zy/Rialto-AMD/npu/lib/kernels/cpp/filter2d_1080p_scalar.cpp
2025-07-18 12:51:37,616 - Knowledge - INFO - process ingested knowledge for /app/data/b2c/122842/b0265zy/Rialto-AMD/npu/lib/kernels/cpp/filter2d_1080p_scalar.cpp
2025-07-18 12:51:37,853 - Knowledge - INFO - persist search terms embedding for npu/lib/kernels/filter2d.py
2025-07-18 12:51:38,396 - Knowledge - INFO - done ingest for /app/data/b2c/122842/b0265zy/Rialto-AMD/npu/lib/kernels/cpp/filter2d.h
2025-07-18 12:51:38,538 - Knowledge - INFO - persist search terms embedding for npu/utils/xbutil.py
2025-07-18 12:51:38,651 - Knowledge - INFO - process ingested knowledge for /app/data/b2c/122842/b0265zy/Rialto-AMD/npu/lib/kernels/cpp/filter2d.h
2025-07-18 12:51:39,249 - Knowledge - INFO - persist search terms embedding for npu/lib/kernels/cpp/linebuffer.h
2025-07-18 12:51:39,908 - Knowledge - INFO - persist search terms embedding for npu/lib/kernels/cpp/threshold_grayscale.cpp
2025-07-18 12:51:39,996 - Knowledge - INFO - Found code-base-name: https://github.com/Kavia-Admin/Rialto-AMD.git:main
2025-07-18 12:51:40,007 - Knowledge - INFO - worker kw6 pull /app/data/b2c/122842/b0265zy/Rialto-AMD/npu/lib/kernels/cpp/plus1.cpp from ingest queue
2025-07-18 12:51:40,019 - Knowledge - INFO - Found code-base-name: https://github.com/Kavia-Admin/Rialto-AMD.git:main
2025-07-18 12:51:40,027 - Knowledge - INFO - worker kw3 pull /app/data/b2c/122842/b0265zy/Rialto-AMD/npu/lib/kernels/cpp/threshold_rgba.cpp from ingest queue
2025-07-18 12:51:40,045 - Knowledge - INFO - worker kw4 pull /app/data/b2c/122842/b0265zy/Rialto-AMD/npu/lib/kernels/cpp/filter2d_720p_scalar.cpp from ingest queue
2025-07-18 12:51:40,049 - Knowledge - INFO - worker kw11 pull /app/data/b2c/122842/b0265zy/Rialto-AMD/npu/lib/kernels/cpp/filter2d_720p.cpp from ingest queue
2025-07-18 12:51:40,094 - Knowledge - INFO - Found code_base: <app.utils.kg_build.knowledge.KnowledgeCodeBase object at 0x7f32cffd1b90>
2025-07-18 12:51:40,190 - Knowledge - INFO - Thread kw6 - File plus1.cpp - Remaining files in queue: 31
2025-07-18 12:51:40,524 - Knowledge - INFO - Found code_base: <app.utils.kg_build.knowledge.KnowledgeCodeBase object at 0x7f32cffd1b90>
2025-07-18 12:51:40,610 - Knowledge - INFO - Thread kw3 - File threshold_rgba.cpp - Remaining files in queue: 31
2025-07-18 12:51:41,302 - Knowledge - INFO - start ingest for /app/data/b2c/122842/b0265zy/Rialto-AMD/npu/lib/kernels/cpp/threshold_rgba.cpp
2025-07-18 12:51:40,862 - Knowledge - INFO - Thread kw11 - File filter2d_720p.cpp - Remaining files in queue: 31
2025-07-18 12:51:40,983 - Knowledge - INFO - persist ingested knowledge for /app/data/b2c/122842/b0265zy/Rialto-AMD/npu/lib/kernels/cpp/filter2d_1080p_scalar.cpp
2025-07-18 12:51:41,112 - Knowledge - INFO - start ingest for /app/data/b2c/122842/b0265zy/Rialto-AMD/npu/lib/kernels/cpp/plus1.cpp
2025-07-18 12:51:41,223 - Knowledge - INFO - persist ingested knowledge for /app/data/b2c/122842/b0265zy/Rialto-AMD/npu/lib/kernels/cpp/filter2d.h
2025-07-18 12:51:40,760 - Knowledge - INFO - Thread kw4 - File filter2d_720p_scalar.cpp - Remaining files in queue: 31
2025-07-18 12:51:41,507 - Knowledge - INFO - start ingest for /app/data/b2c/122842/b0265zy/Rialto-AMD/npu/lib/kernels/cpp/filter2d_720p.cpp
2025-07-18 12:51:42,001 - Knowledge - INFO - start ingest for /app/data/b2c/122842/b0265zy/Rialto-AMD/npu/lib/kernels/cpp/filter2d_720p_scalar.cpp
2025-07-18 12:51:42,316 - Knowledge - INFO - persist search terms embedding for npu/lib/kernels/cpp/filter2d_1080p_scalar.cpp
2025-07-18 12:51:43,296 - Knowledge - INFO - persist search terms embedding for npu/lib/kernels/cpp/filter2d.h
2025-07-18 12:51:43,411 - Knowledge - INFO - done ingest for /app/data/b2c/122842/b0265zy/Rialto-AMD/npu/lib/kernels/cpp/rgba2gray.cpp
2025-07-18 12:51:43,452 - Knowledge - INFO - done ingest for /app/data/b2c/122842/b0265zy/Rialto-AMD/npu/lib/kernels/cpp/rgba2hue_scalar.cpp
2025-07-18 12:51:43,484 - Knowledge - INFO - worker kw8 pull /app/data/b2c/122842/b0265zy/Rialto-AMD/npu/lib/kernels/cpp/plusn.cpp from ingest queue
2025-07-18 12:51:43,484 - Knowledge - INFO - worker kw10 pull /app/data/b2c/122842/b0265zy/Rialto-AMD/npu/lib/kernels/cpp/inverse.cpp from ingest queue
2025-07-18 12:51:43,699 - Knowledge - INFO - process ingested knowledge for /app/data/b2c/122842/b0265zy/Rialto-AMD/npu/lib/kernels/cpp/rgba2gray.cpp
2025-07-18 12:51:43,756 - Knowledge - INFO - done ingest for /app/data/b2c/122842/b0265zy/Rialto-AMD/npu/lib/kernels/cpp/bitwiseOr_scalar.cpp
2025-07-18 12:51:43,799 - Knowledge - INFO - process ingested knowledge for /app/data/b2c/122842/b0265zy/Rialto-AMD/npu/lib/kernels/cpp/rgba2hue_scalar.cpp
2025-07-18 12:51:43,827 - Knowledge - INFO - Thread kw8 - File plusn.cpp - Remaining files in queue: 29
2025-07-18 12:51:43,957 - Knowledge - INFO - Thread kw10 - File inverse.cpp - Remaining files in queue: 29
2025-07-18 12:51:44,078 - Knowledge - INFO - Found code-base-name: https://github.com/Kavia-Admin/Rialto-AMD.git:main
2025-07-18 12:51:44,273 - Knowledge - INFO - Found code-base-name: https://github.com/Kavia-Admin/Rialto-AMD.git:main
2025-07-18 12:51:44,760 - Knowledge - INFO - Found code_base: <app.utils.kg_build.knowledge.KnowledgeCodeBase object at 0x7f32cffd1b90>
2025-07-18 12:51:44,373 - Knowledge - INFO - start ingest for /app/data/b2c/122842/b0265zy/Rialto-AMD/npu/lib/kernels/cpp/plusn.cpp
2025-07-18 12:51:44,477 - Knowledge - INFO - start ingest for /app/data/b2c/122842/b0265zy/Rialto-AMD/npu/lib/kernels/cpp/inverse.cpp
2025-07-18 12:51:44,599 - Knowledge - INFO - Found code_base: <app.utils.kg_build.knowledge.KnowledgeCodeBase object at 0x7f32cffd1b90>
2025-07-18 12:51:44,288 - Knowledge - INFO - process ingested knowledge for /app/data/b2c/122842/b0265zy/Rialto-AMD/npu/lib/kernels/cpp/bitwiseOr_scalar.cpp
2025-07-18 12:51:44,905 - Knowledge - INFO - persist ingested knowledge for /app/data/b2c/122842/b0265zy/Rialto-AMD/npu/lib/kernels/cpp/rgba2hue_scalar.cpp
2025-07-18 12:51:45,338 - Knowledge - INFO - persist ingested knowledge for /app/data/b2c/122842/b0265zy/Rialto-AMD/npu/lib/kernels/cpp/rgba2gray.cpp
2025-07-18 12:51:45,450 - Knowledge - INFO - Found code-base-name: https://github.com/Kavia-Admin/Rialto-AMD.git:main
2025-07-18 12:51:45,774 - Knowledge - INFO - Found code_base: <app.utils.kg_build.knowledge.KnowledgeCodeBase object at 0x7f32cffd1b90>
2025-07-18 12:51:45,900 - Knowledge - INFO - persist ingested knowledge for /app/data/b2c/122842/b0265zy/Rialto-AMD/npu/lib/kernels/cpp/bitwiseOr_scalar.cpp
2025-07-18 12:51:46,304 - Knowledge - INFO - persist search terms embedding for npu/lib/kernels/cpp/rgba2hue_scalar.cpp
2025-07-18 12:51:47,270 - Knowledge - INFO - persist search terms embedding for npu/lib/kernels/cpp/rgba2gray.cpp
2025-07-18 12:51:48,024 - Knowledge - INFO - done ingest for /app/data/b2c/122842/b0265zy/Rialto-AMD/npu/lib/kernels/cpp/gray2rgba.cpp
2025-07-18 12:51:48,087 - Knowledge - INFO - persist search terms embedding for npu/lib/kernels/cpp/bitwiseOr_scalar.cpp
2025-07-18 12:51:48,193 - Knowledge - INFO - process ingested knowledge for /app/data/b2c/122842/b0265zy/Rialto-AMD/npu/lib/kernels/cpp/gray2rgba.cpp
2025-07-18 12:51:48,240 - Knowledge - INFO - worker kw15 pull /app/data/b2c/122842/b0265zy/Rialto-AMD/npu/lib/kernels/cpp/addWeighted.cpp from ingest queue
2025-07-18 12:51:48,245 - Knowledge - INFO - worker kw12 pull /app/data/b2c/122842/b0265zy/Rialto-AMD/npu/lib/kernels/cpp/inrange.cpp from ingest queue
2025-07-18 12:51:48,544 - Knowledge - INFO - Thread kw12 - File inrange.cpp - Remaining files in queue: 26
2025-07-18 12:51:48,355 - Knowledge - INFO - Found code-base-name: https://github.com/Kavia-Admin/Rialto-AMD.git:main
2025-07-18 12:51:48,470 - Knowledge - INFO - Thread kw15 - File addWeighted.cpp - Remaining files in queue: 26
2025-07-18 12:51:48,258 - Knowledge - INFO - worker kw5 pull /app/data/b2c/122842/b0265zy/Rialto-AMD/npu/lib/kernels/cpp/bitwiseAnd.cpp from ingest queue
2025-07-18 12:51:48,984 - Knowledge - INFO - Thread kw5 - File bitwiseAnd.cpp - Remaining files in queue: 26
2025-07-18 12:51:48,734 - Knowledge - INFO - Found code_base: <app.utils.kg_build.knowledge.KnowledgeCodeBase object at 0x7f32cffd1b90>
2025-07-18 12:51:48,894 - Knowledge - INFO - start ingest for /app/data/b2c/122842/b0265zy/Rialto-AMD/npu/lib/kernels/cpp/addWeighted.cpp
2025-07-18 12:51:48,645 - Knowledge - INFO - start ingest for /app/data/b2c/122842/b0265zy/Rialto-AMD/npu/lib/kernels/cpp/inrange.cpp
2025-07-18 12:51:49,112 - Knowledge - INFO - start ingest for /app/data/b2c/122842/b0265zy/Rialto-AMD/npu/lib/kernels/cpp/bitwiseAnd.cpp
2025-07-18 12:51:49,228 - Knowledge - INFO - persist ingested knowledge for /app/data/b2c/122842/b0265zy/Rialto-AMD/npu/lib/kernels/cpp/gray2rgba.cpp
2025-07-18 12:51:50,349 - Knowledge - INFO - persist search terms embedding for npu/lib/kernels/cpp/gray2rgba.cpp
2025-07-18 12:51:50,454 - Knowledge - INFO - worker kw9 pull /app/data/b2c/122842/b0265zy/Rialto-AMD/npu/lib/kernels/cpp/gray2rgba_scalar.cpp from ingest queue
2025-07-18 12:51:50,543 - Knowledge - INFO - Thread kw9 - File gray2rgba_scalar.cpp - Remaining files in queue: 25
2025-07-18 12:51:50,666 - Knowledge - INFO - start ingest for /app/data/b2c/122842/b0265zy/Rialto-AMD/npu/lib/kernels/cpp/gray2rgba_scalar.cpp
2025-07-18 12:51:53,002 - Knowledge - INFO - done ingest for /app/data/b2c/122842/b0265zy/Rialto-AMD/npu/lib/kernels/cpp/filter2d_1080p.cpp
2025-07-18 12:51:53,241 - Knowledge - INFO - process ingested knowledge for /app/data/b2c/122842/b0265zy/Rialto-AMD/npu/lib/kernels/cpp/filter2d_1080p.cpp
2025-07-18 12:51:53,407 - Knowledge - INFO - Found code-base-name: https://github.com/Kavia-Admin/Rialto-AMD.git:main
2025-07-18 12:51:53,518 - Knowledge - INFO - Found code_base: <app.utils.kg_build.knowledge.KnowledgeCodeBase object at 0x7f32cffd1b90>
2025-07-18 12:51:53,608 - Knowledge - INFO - persist ingested knowledge for /app/data/b2c/122842/b0265zy/Rialto-AMD/npu/lib/kernels/cpp/filter2d_1080p.cpp
2025-07-18 12:51:53,968 - Knowledge - INFO - done ingest for /app/data/b2c/122842/b0265zy/Rialto-AMD/npu/lib/kernels/cpp/bitwiseOr.cpp
2025-07-18 12:51:54,126 - Knowledge - INFO - process ingested knowledge for /app/data/b2c/122842/b0265zy/Rialto-AMD/npu/lib/kernels/cpp/bitwiseOr.cpp
2025-07-18 12:51:54,349 - Knowledge - INFO - persist search terms embedding for npu/lib/kernels/cpp/filter2d_1080p.cpp
2025-07-18 12:51:54,460 - Knowledge - INFO - Found code-base-name: https://github.com/Kavia-Admin/Rialto-AMD.git:main
2025-07-18 12:51:54,463 - Knowledge - INFO - worker kw13 pull /app/data/b2c/122842/b0265zy/Rialto-AMD/npu/lib/kernels/inverse.py from ingest queue
2025-07-18 12:51:54,675 - Knowledge - INFO - Thread kw13 - File inverse.py - Remaining files in queue: 24
2025-07-18 12:51:54,558 - Knowledge - INFO - Found code_base: <app.utils.kg_build.knowledge.KnowledgeCodeBase object at 0x7f32cffd1b90>
2025-07-18 12:51:54,791 - Knowledge - INFO - start ingest for /app/data/b2c/122842/b0265zy/Rialto-AMD/npu/lib/kernels/inverse.py
2025-07-18 12:51:54,916 - Knowledge - INFO - persist ingested knowledge for /app/data/b2c/122842/b0265zy/Rialto-AMD/npu/lib/kernels/cpp/bitwiseOr.cpp
2025-07-18 12:51:55,760 - Knowledge - INFO - persist search terms embedding for npu/lib/kernels/cpp/bitwiseOr.cpp
2025-07-18 12:51:55,859 - Knowledge - INFO - worker kw2 pull /app/data/b2c/122842/b0265zy/Rialto-AMD/npu/lib/kernels/cpp/rgba_rtp_thresh.cpp from ingest queue
2025-07-18 12:51:55,985 - Knowledge - INFO - Thread kw2 - File rgba_rtp_thresh.cpp - Remaining files in queue: 23
2025-07-18 12:51:56,082 - Knowledge - INFO - start ingest for /app/data/b2c/122842/b0265zy/Rialto-AMD/npu/lib/kernels/cpp/rgba_rtp_thresh.cpp
2025-07-18 12:51:58,385 - Knowledge - INFO - done ingest for /app/data/b2c/122842/b0265zy/Rialto-AMD/npu/lib/kernels/cpp/rgba2hue.cpp
2025-07-18 12:51:58,947 - Knowledge - INFO - process ingested knowledge for /app/data/b2c/122842/b0265zy/Rialto-AMD/npu/lib/kernels/cpp/rgba2hue.cpp
2025-07-18 12:51:59,061 - Knowledge - INFO - Found code-base-name: https://github.com/Kavia-Admin/Rialto-AMD.git:main
2025-07-18 12:51:59,167 - Knowledge - INFO - Found code_base: <app.utils.kg_build.knowledge.KnowledgeCodeBase object at 0x7f32cffd1b90>
2025-07-18 12:51:59,248 - Knowledge - INFO - persist ingested knowledge for /app/data/b2c/122842/b0265zy/Rialto-AMD/npu/lib/kernels/cpp/rgba2hue.cpp
2025-07-18 12:52:00,686 - Knowledge - INFO - persist search terms embedding for npu/lib/kernels/cpp/rgba2hue.cpp
2025-07-18 12:52:00,788 - Knowledge - INFO - worker kw7 pull /app/data/b2c/122842/b0265zy/Rialto-AMD/npu/lib/kernels/cpp/median.cpp from ingest queue
2025-07-18 12:52:00,891 - Knowledge - INFO - Thread kw7 - File median.cpp - Remaining files in queue: 22
2025-07-18 12:52:01,006 - Knowledge - INFO - start ingest for /app/data/b2c/122842/b0265zy/Rialto-AMD/npu/lib/kernels/cpp/median.cpp
2025-07-18 12:52:07,421 - Knowledge - INFO - done ingest for /app/data/b2c/122842/b0265zy/Rialto-AMD/npu/lib/kernels/cpp/plus1.cpp
2025-07-18 12:52:07,579 - Knowledge - INFO - process ingested knowledge for /app/data/b2c/122842/b0265zy/Rialto-AMD/npu/lib/kernels/cpp/plus1.cpp
2025-07-18 12:52:07,706 - Knowledge - INFO - Found code-base-name: https://github.com/Kavia-Admin/Rialto-AMD.git:main
2025-07-18 12:52:07,841 - Knowledge - INFO - Found code_base: <app.utils.kg_build.knowledge.KnowledgeCodeBase object at 0x7f32cffd1b90>
2025-07-18 12:52:07,949 - Knowledge - INFO - persist ingested knowledge for /app/data/b2c/122842/b0265zy/Rialto-AMD/npu/lib/kernels/cpp/plus1.cpp
2025-07-18 12:52:08,862 - Knowledge - INFO - persist search terms embedding for npu/lib/kernels/cpp/plus1.cpp
2025-07-18 12:52:08,949 - Knowledge - INFO - worker kw6 pull /app/data/b2c/122842/b0265zy/Rialto-AMD/npu/lib/kernels/cpp/rgba2gray_scalar.cpp from ingest queue
2025-07-18 12:52:09,097 - Knowledge - INFO - Thread kw6 - File rgba2gray_scalar.cpp - Remaining files in queue: 21
2025-07-18 12:52:09,185 - Knowledge - INFO - start ingest for /app/data/b2c/122842/b0265zy/Rialto-AMD/npu/lib/kernels/cpp/rgba2gray_scalar.cpp
2025-07-18 12:52:10,154 - Knowledge - INFO - done ingest for /app/data/b2c/122842/b0265zy/Rialto-AMD/npu/lib/kernels/cpp/inverse.cpp
2025-07-18 12:52:10,312 - Knowledge - INFO - done ingest for /app/data/b2c/122842/b0265zy/Rialto-AMD/npu/lib/kernels/cpp/threshold_rgba.cpp
2025-07-18 12:52:10,362 - Knowledge - INFO - process ingested knowledge for /app/data/b2c/122842/b0265zy/Rialto-AMD/npu/lib/kernels/cpp/inverse.cpp
2025-07-18 12:52:10,516 - Knowledge - INFO - done ingest for /app/data/b2c/122842/b0265zy/Rialto-AMD/npu/lib/kernels/cpp/filter2d_720p_scalar.cpp
2025-07-18 12:52:10,517 - Knowledge - INFO - process ingested knowledge for /app/data/b2c/122842/b0265zy/Rialto-AMD/npu/lib/kernels/cpp/threshold_rgba.cpp
2025-07-18 12:52:10,592 - Knowledge - INFO - Found code-base-name: https://github.com/Kavia-Admin/Rialto-AMD.git:main
2025-07-18 12:52:10,957 - Knowledge - INFO - Found code_base: <app.utils.kg_build.knowledge.KnowledgeCodeBase object at 0x7f32cffd1b90>
2025-07-18 12:52:10,858 - Knowledge - INFO - Found code-base-name: https://github.com/Kavia-Admin/Rialto-AMD.git:main
2025-07-18 12:52:10,772 - Knowledge - INFO - process ingested knowledge for /app/data/b2c/122842/b0265zy/Rialto-AMD/npu/lib/kernels/cpp/filter2d_720p_scalar.cpp
2025-07-18 12:52:11,080 - Knowledge - INFO - persist ingested knowledge for /app/data/b2c/122842/b0265zy/Rialto-AMD/npu/lib/kernels/cpp/inverse.cpp
2025-07-18 12:52:11,206 - Knowledge - INFO - Found code_base: <app.utils.kg_build.knowledge.KnowledgeCodeBase object at 0x7f32cffd1b90>
2025-07-18 12:52:11,563 - Knowledge - INFO - persist ingested knowledge for /app/data/b2c/122842/b0265zy/Rialto-AMD/npu/lib/kernels/cpp/threshold_rgba.cpp
2025-07-18 12:52:11,474 - Knowledge - INFO - done ingest for /app/data/b2c/122842/b0265zy/Rialto-AMD/npu/lib/kernels/cpp/plusn.cpp
2025-07-18 12:52:11,347 - Knowledge - INFO - Found code-base-name: https://github.com/Kavia-Admin/Rialto-AMD.git:main
2025-07-18 12:52:11,905 - Knowledge - INFO - Found code_base: <app.utils.kg_build.knowledge.KnowledgeCodeBase object at 0x7f32cffd1b90>
2025-07-18 12:52:11,864 - Knowledge - INFO - process ingested knowledge for /app/data/b2c/122842/b0265zy/Rialto-AMD/npu/lib/kernels/cpp/plusn.cpp
2025-07-18 12:52:12,014 - Knowledge - INFO - persist ingested knowledge for /app/data/b2c/122842/b0265zy/Rialto-AMD/npu/lib/kernels/cpp/filter2d_720p_scalar.cpp
2025-07-18 12:52:12,166 - Knowledge - INFO - persist search terms embedding for npu/lib/kernels/cpp/inverse.cpp
2025-07-18 12:52:12,710 - Knowledge - INFO - done ingest for /app/data/b2c/122842/b0265zy/Rialto-AMD/npu/lib/kernels/cpp/gray2rgba_scalar.cpp
2025-07-18 12:52:12,947 - Knowledge - INFO - process ingested knowledge for /app/data/b2c/122842/b0265zy/Rialto-AMD/npu/lib/kernels/cpp/gray2rgba_scalar.cpp
2025-07-18 12:52:13,191 - Knowledge - INFO - persist search terms embedding for npu/lib/kernels/cpp/threshold_rgba.cpp
2025-07-18 12:52:13,330 - Knowledge - INFO - Found code-base-name: https://github.com/Kavia-Admin/Rialto-AMD.git:main
2025-07-18 12:52:13,462 - Knowledge - INFO - Found code_base: <app.utils.kg_build.knowledge.KnowledgeCodeBase object at 0x7f32cffd1b90>
2025-07-18 12:52:13,586 - Knowledge - INFO - persist ingested knowledge for /app/data/b2c/122842/b0265zy/Rialto-AMD/npu/lib/kernels/cpp/plusn.cpp
2025-07-18 12:52:14,137 - Knowledge - INFO - persist search terms embedding for npu/lib/kernels/cpp/filter2d_720p_scalar.cpp
2025-07-18 12:52:14,274 - Knowledge - INFO - worker kw10 pull /app/data/b2c/122842/b0265zy/Rialto-AMD/npu/lib/kernels/inrange.py from ingest queue
2025-07-18 12:52:14,282 - Knowledge - INFO - worker kw3 pull /app/data/b2c/122842/b0265zy/Rialto-AMD/npu/lib/kernels/cpp/filter2d_scalar.h from ingest queue
2025-07-18 12:52:14,295 - Knowledge - INFO - worker kw4 pull /app/data/b2c/122842/b0265zy/Rialto-AMD/npu/lib/kernels/bitwiseor.py from ingest queue
2025-07-18 12:52:14,301 - Knowledge - INFO - Found code-base-name: https://github.com/Kavia-Admin/Rialto-AMD.git:main
2025-07-18 12:52:14,326 - Knowledge - INFO - done ingest for /app/data/b2c/122842/b0265zy/Rialto-AMD/npu/lib/kernels/cpp/filter2d_720p.cpp
2025-07-18 12:52:14,358 - Knowledge - INFO - Thread kw10 - File inrange.py - Remaining files in queue: 18
2025-07-18 12:52:14,491 - Knowledge - INFO - Thread kw3 - File filter2d_scalar.h - Remaining files in queue: 18
2025-07-18 12:52:14,664 - Knowledge - INFO - Thread kw4 - File bitwiseor.py - Remaining files in queue: 18
2025-07-18 12:52:15,227 - Knowledge - INFO - start ingest for /app/data/b2c/122842/b0265zy/Rialto-AMD/npu/lib/kernels/bitwiseor.py
2025-07-18 12:52:15,029 - Knowledge - INFO - process ingested knowledge for /app/data/b2c/122842/b0265zy/Rialto-AMD/npu/lib/kernels/cpp/filter2d_720p.cpp
2025-07-18 12:52:15,035 - Knowledge - INFO - start ingest for /app/data/b2c/122842/b0265zy/Rialto-AMD/npu/lib/kernels/inrange.py
2025-07-18 12:52:15,119 - Knowledge - INFO - start ingest for /app/data/b2c/122842/b0265zy/Rialto-AMD/npu/lib/kernels/cpp/filter2d_scalar.h
2025-07-18 12:52:14,780 - Knowledge - INFO - Found code_base: <app.utils.kg_build.knowledge.KnowledgeCodeBase object at 0x7f32cffd1b90>
2025-07-18 12:52:15,336 - Knowledge - INFO - persist search terms embedding for npu/lib/kernels/cpp/plusn.cpp
2025-07-18 12:52:15,737 - Knowledge - INFO - persist ingested knowledge for /app/data/b2c/122842/b0265zy/Rialto-AMD/npu/lib/kernels/cpp/gray2rgba_scalar.cpp
2025-07-18 12:52:15,834 - Knowledge - INFO - Found code-base-name: https://github.com/Kavia-Admin/Rialto-AMD.git:main
2025-07-18 12:52:15,835 - Knowledge - INFO - worker kw8 pull /app/data/b2c/122842/b0265zy/Rialto-AMD/npu/lib/kernels/rgba2hue.py from ingest queue
2025-07-18 12:52:16,141 - Knowledge - INFO - Thread kw8 - File rgba2hue.py - Remaining files in queue: 17
2025-07-18 12:52:16,025 - Knowledge - INFO - Found code_base: <app.utils.kg_build.knowledge.KnowledgeCodeBase object at 0x7f32cffd1b90>
2025-07-18 12:52:16,269 - Knowledge - INFO - start ingest for /app/data/b2c/122842/b0265zy/Rialto-AMD/npu/lib/kernels/rgba2hue.py
2025-07-18 12:52:16,419 - Knowledge - INFO - persist ingested knowledge for /app/data/b2c/122842/b0265zy/Rialto-AMD/npu/lib/kernels/cpp/filter2d_720p.cpp
2025-07-18 12:52:16,438 - Knowledge - INFO - done ingest for /app/data/b2c/122842/b0265zy/Rialto-AMD/npu/lib/kernels/cpp/bitwiseAnd.cpp
2025-07-18 12:52:16,719 - Knowledge - INFO - persist search terms embedding for npu/lib/kernels/cpp/gray2rgba_scalar.cpp
2025-07-18 12:52:16,854 - Knowledge - INFO - process ingested knowledge for /app/data/b2c/122842/b0265zy/Rialto-AMD/npu/lib/kernels/cpp/bitwiseAnd.cpp
2025-07-18 12:52:17,635 - Knowledge - INFO - persist search terms embedding for npu/lib/kernels/cpp/filter2d_720p.cpp
2025-07-18 12:52:17,732 - Knowledge - INFO - worker kw9 pull /app/data/b2c/122842/b0265zy/Rialto-AMD/npu/lib/kernels/__init__.py from ingest queue
2025-07-18 12:52:17,736 - Knowledge - INFO - Found code-base-name: https://github.com/Kavia-Admin/Rialto-AMD.git:main
2025-07-18 12:52:17,738 - Knowledge - INFO - worker kw11 pull /app/data/b2c/122842/b0265zy/Rialto-AMD/npu/lib/applications/videoapps.py from ingest queue
2025-07-18 12:52:17,808 - Knowledge - INFO - Thread kw9 - File __init__.py - Remaining files in queue: 15
2025-07-18 12:52:17,926 - Knowledge - INFO - Found code_base: <app.utils.kg_build.knowledge.KnowledgeCodeBase object at 0x7f32cffd1b90>
2025-07-18 12:52:18,062 - Knowledge - INFO - Thread kw11 - File videoapps.py - Remaining files in queue: 15
2025-07-18 12:52:18,193 - Knowledge - INFO - done ingest for /app/data/b2c/122842/b0265zy/Rialto-AMD/npu/lib/kernels/cpp/inrange.cpp
2025-07-18 12:52:18,203 - Knowledge - INFO - start ingest for /app/data/b2c/122842/b0265zy/Rialto-AMD/npu/lib/kernels/__init__.py
2025-07-18 12:52:18,287 - Knowledge - INFO - done ingest for /app/data/b2c/122842/b0265zy/Rialto-AMD/npu/lib/kernels/inverse.py
2025-07-18 12:52:18,295 - Knowledge - INFO - persist ingested knowledge for /app/data/b2c/122842/b0265zy/Rialto-AMD/npu/lib/kernels/cpp/bitwiseAnd.cpp
2025-07-18 12:52:18,441 - Knowledge - INFO - start ingest for /app/data/b2c/122842/b0265zy/Rialto-AMD/npu/lib/applications/videoapps.py
2025-07-18 12:52:18,458 - Knowledge - INFO - done ingest for /app/data/b2c/122842/b0265zy/Rialto-AMD/npu/lib/kernels/cpp/addWeighted.cpp
2025-07-18 12:52:18,634 - Knowledge - INFO - process ingested knowledge for /app/data/b2c/122842/b0265zy/Rialto-AMD/npu/lib/kernels/cpp/inrange.cpp
2025-07-18 12:52:18,825 - Knowledge - INFO - process ingested knowledge for /app/data/b2c/122842/b0265zy/Rialto-AMD/npu/lib/kernels/inverse.py
2025-07-18 12:52:19,160 - Knowledge - INFO - process ingested knowledge for /app/data/b2c/122842/b0265zy/Rialto-AMD/npu/lib/kernels/cpp/addWeighted.cpp
2025-07-18 12:52:19,459 - Knowledge - INFO - done ingest for /app/data/b2c/122842/b0265zy/Rialto-AMD/npu/lib/kernels/cpp/rgba_rtp_thresh.cpp
2025-07-18 12:52:19,574 - Knowledge - INFO - persist search terms embedding for npu/lib/kernels/cpp/bitwiseAnd.cpp
2025-07-18 12:52:19,618 - Knowledge - INFO - process ingested knowledge for /app/data/b2c/122842/b0265zy/Rialto-AMD/npu/lib/kernels/cpp/rgba_rtp_thresh.cpp
2025-07-18 12:52:19,663 - Knowledge - INFO - Found code-base-name: https://github.com/Kavia-Admin/Rialto-AMD.git:main
2025-07-18 12:52:19,668 - Knowledge - INFO - Found code-base-name: https://github.com/Kavia-Admin/Rialto-AMD.git:main
2025-07-18 12:52:19,710 - Knowledge - INFO - Found code-base-name: https://github.com/Kavia-Admin/Rialto-AMD.git:main
2025-07-18 12:52:19,712 - Knowledge - INFO - worker kw5 pull /app/data/b2c/122842/b0265zy/Rialto-AMD/npu/lib/graphs/graph_1ct.py from ingest queue
2025-07-18 12:52:19,815 - Knowledge - INFO - Found code-base-name: https://github.com/Kavia-Admin/Rialto-AMD.git:main
2025-07-18 12:52:20,381 - Knowledge - INFO - Found code_base: <app.utils.kg_build.knowledge.KnowledgeCodeBase object at 0x7f32cffd1b90>
2025-07-18 12:52:20,504 - Knowledge - INFO - persist ingested knowledge for /app/data/b2c/122842/b0265zy/Rialto-AMD/npu/lib/kernels/cpp/rgba_rtp_thresh.cpp
2025-07-18 12:52:20,138 - Knowledge - INFO - Found code_base: <app.utils.kg_build.knowledge.KnowledgeCodeBase object at 0x7f32cffd1b90>
2025-07-18 12:52:20,251 - Knowledge - INFO - Thread kw5 - File graph_1ct.py - Remaining files in queue: 14
2025-07-18 12:52:19,929 - Knowledge - INFO - Found code_base: <app.utils.kg_build.knowledge.KnowledgeCodeBase object at 0x7f32cffd1b90>
2025-07-18 12:52:20,013 - Knowledge - INFO - Found code_base: <app.utils.kg_build.knowledge.KnowledgeCodeBase object at 0x7f32cffd1b90>
2025-07-18 12:52:20,691 - Knowledge - INFO - persist ingested knowledge for /app/data/b2c/122842/b0265zy/Rialto-AMD/npu/lib/kernels/cpp/addWeighted.cpp
2025-07-18 12:52:20,785 - Knowledge - INFO - start ingest for /app/data/b2c/122842/b0265zy/Rialto-AMD/npu/lib/graphs/graph_1ct.py
2025-07-18 12:52:20,928 - Knowledge - INFO - persist ingested knowledge for /app/data/b2c/122842/b0265zy/Rialto-AMD/npu/lib/kernels/cpp/inrange.cpp
2025-07-18 12:52:21,047 - Knowledge - INFO - persist ingested knowledge for /app/data/b2c/122842/b0265zy/Rialto-AMD/npu/lib/kernels/inverse.py
2025-07-18 12:52:21,685 - Knowledge - INFO - persist search terms embedding for npu/lib/kernels/cpp/rgba_rtp_thresh.cpp
2025-07-18 12:52:22,366 - Knowledge - INFO - persist search terms embedding for npu/lib/kernels/cpp/addWeighted.cpp
2025-07-18 12:52:22,707 - Knowledge - INFO - done ingest for /app/data/b2c/122842/b0265zy/Rialto-AMD/npu/lib/kernels/cpp/rgba2gray_scalar.cpp
2025-07-18 12:52:22,943 - Knowledge - INFO - process ingested knowledge for /app/data/b2c/122842/b0265zy/Rialto-AMD/npu/lib/kernels/cpp/rgba2gray_scalar.cpp
2025-07-18 12:52:23,208 - Knowledge - INFO - persist search terms embedding for npu/lib/kernels/cpp/inrange.cpp
2025-07-18 12:52:24,099 - Knowledge - INFO - persist search terms embedding for npu/lib/kernels/inverse.py
2025-07-18 12:52:24,178 - Knowledge - INFO - worker kw2 pull /app/data/b2c/122842/b0265zy/Rialto-AMD/npu/lib/applications/binaries/color_threshold_v1_720p.json from ingest queue
2025-07-18 12:52:24,179 - Knowledge - INFO - Found code-base-name: https://github.com/Kavia-Admin/Rialto-AMD.git:main
2025-07-18 12:52:24,185 - Knowledge - INFO - worker kw12 pull /app/data/b2c/122842/b0265zy/Rialto-AMD/npu/lib/kernels/kernelgenerator.py from ingest queue
2025-07-18 12:52:24,192 - Knowledge - INFO - worker kw15 pull /app/data/b2c/122842/b0265zy/Rialto-AMD/npu/lib/applications/binaries/color_threshold_v2_1080p.json from ingest queue
2025-07-18 12:52:24,193 - Knowledge - INFO - worker kw13 pull /app/data/b2c/122842/b0265zy/Rialto-AMD/npu/lib/applications/binaries/color_threshold_v1_1080p.json from ingest queue
2025-07-18 12:52:24,759 - Knowledge - INFO - Thread kw13 - File color_threshold_v1_1080p.json - Remaining files in queue: 10
2025-07-18 12:52:24,352 - Knowledge - INFO - Found code_base: <app.utils.kg_build.knowledge.KnowledgeCodeBase object at 0x7f32cffd1b90>
2025-07-18 12:52:25,001 - Knowledge - INFO - persist ingested knowledge for /app/data/b2c/122842/b0265zy/Rialto-AMD/npu/lib/kernels/cpp/rgba2gray_scalar.cpp
2025-07-18 12:52:24,631 - Knowledge - INFO - Thread kw15 - File color_threshold_v2_1080p.json - Remaining files in queue: 10
2025-07-18 12:52:25,229 - Knowledge - INFO - start ingest for /app/data/b2c/122842/b0265zy/Rialto-AMD/npu/lib/applications/binaries/color_threshold_v2_1080p.json
2025-07-18 12:52:24,851 - Knowledge - INFO - start ingest for /app/data/b2c/122842/b0265zy/Rialto-AMD/npu/lib/applications/binaries/color_threshold_v1_1080p.json
2025-07-18 12:52:24,495 - Knowledge - INFO - Thread kw12 - File kernelgenerator.py - Remaining files in queue: 10
2025-07-18 12:52:24,254 - Knowledge - INFO - Thread kw2 - File color_threshold_v1_720p.json - Remaining files in queue: 10
2025-07-18 12:52:25,572 - Knowledge - INFO - start ingest for /app/data/b2c/122842/b0265zy/Rialto-AMD/npu/lib/kernels/kernelgenerator.py
2025-07-18 12:52:25,684 - Knowledge - INFO - start ingest for /app/data/b2c/122842/b0265zy/Rialto-AMD/npu/lib/applications/binaries/color_threshold_v1_720p.json
2025-07-18 12:52:25,745 - Knowledge - INFO - persist search terms embedding for npu/lib/kernels/cpp/rgba2gray_scalar.cpp
2025-07-18 12:52:26,023 - Knowledge - INFO - worker kw6 pull /app/data/b2c/122842/b0265zy/Rialto-AMD/npu/lib/applications/binaries/color_threshold_v2_720p.json from ingest queue
2025-07-18 12:52:26,136 - Knowledge - INFO - Thread kw6 - File color_threshold_v2_720p.json - Remaining files in queue: 9
2025-07-18 12:52:26,299 - Knowledge - INFO - start ingest for /app/data/b2c/122842/b0265zy/Rialto-AMD/npu/lib/applications/binaries/color_threshold_v2_720p.json
2025-07-18 12:52:26,326 - Knowledge - INFO - done ingest for /app/data/b2c/122842/b0265zy/Rialto-AMD/npu/lib/kernels/cpp/median.cpp
2025-07-18 12:52:26,524 - Knowledge - INFO - process ingested knowledge for /app/data/b2c/122842/b0265zy/Rialto-AMD/npu/lib/kernels/cpp/median.cpp
2025-07-18 12:52:26,703 - Knowledge - INFO - Found code-base-name: https://github.com/Kavia-Admin/Rialto-AMD.git:main
2025-07-18 12:52:26,816 - Knowledge - INFO - Found code_base: <app.utils.kg_build.knowledge.KnowledgeCodeBase object at 0x7f32cffd1b90>
2025-07-18 12:52:26,913 - Knowledge - INFO - persist ingested knowledge for /app/data/b2c/122842/b0265zy/Rialto-AMD/npu/lib/kernels/cpp/median.cpp
2025-07-18 12:52:27,682 - Knowledge - INFO - persist search terms embedding for npu/lib/kernels/cpp/median.cpp
2025-07-18 12:52:27,776 - Knowledge - INFO - worker kw7 pull /app/data/b2c/122842/b0265zy/Rialto-AMD/npu/lib/graphs/image_looper_720p.py from ingest queue
2025-07-18 12:52:27,882 - Knowledge - INFO - Thread kw7 - File image_looper_720p.py - Remaining files in queue: 8
2025-07-18 12:52:27,970 - Knowledge - INFO - start ingest for /app/data/b2c/122842/b0265zy/Rialto-AMD/npu/lib/graphs/image_looper_720p.py
2025-07-18 12:52:34,343 - Knowledge - INFO - done ingest for /app/data/b2c/122842/b0265zy/Rialto-AMD/npu/lib/applications/binaries/color_threshold_v1_1080p.json
2025-07-18 12:52:34,451 - Knowledge - INFO - process ingested knowledge for /app/data/b2c/122842/b0265zy/Rialto-AMD/npu/lib/applications/binaries/color_threshold_v1_1080p.json
2025-07-18 12:52:34,578 - Knowledge - INFO - Found code-base-name: https://github.com/Kavia-Admin/Rialto-AMD.git:main
2025-07-18 12:52:34,694 - Knowledge - INFO - Found code_base: <app.utils.kg_build.knowledge.KnowledgeCodeBase object at 0x7f32cffd1b90>
2025-07-18 12:52:34,832 - Knowledge - INFO - persist ingested knowledge for /app/data/b2c/122842/b0265zy/Rialto-AMD/npu/lib/applications/binaries/color_threshold_v1_1080p.json
2025-07-18 12:52:35,052 - Knowledge - INFO - done ingest for /app/data/b2c/122842/b0265zy/Rialto-AMD/npu/lib/applications/binaries/color_threshold_v2_1080p.json
2025-07-18 12:52:35,236 - Knowledge - INFO - process ingested knowledge for /app/data/b2c/122842/b0265zy/Rialto-AMD/npu/lib/applications/binaries/color_threshold_v2_1080p.json
2025-07-18 12:52:35,242 - Knowledge - INFO - worker kw13 pull /app/data/b2c/122842/b0265zy/Rialto-AMD/npu/lib/applications/binaries/edge_detect_1080p.json from ingest queue
2025-07-18 12:52:35,284 - Knowledge - INFO - done ingest for /app/data/b2c/122842/b0265zy/Rialto-AMD/npu/lib/kernels/cpp/filter2d_scalar.h
2025-07-18 12:52:35,382 - Knowledge - INFO - Found code-base-name: https://github.com/Kavia-Admin/Rialto-AMD.git:main
2025-07-18 12:52:35,461 - Knowledge - INFO - Thread kw13 - File edge_detect_1080p.json - Remaining files in queue: 7
2025-07-18 12:52:35,657 - Knowledge - INFO - process ingested knowledge for /app/data/b2c/122842/b0265zy/Rialto-AMD/npu/lib/kernels/cpp/filter2d_scalar.h
2025-07-18 12:52:35,672 - Knowledge - INFO - Found code_base: <app.utils.kg_build.knowledge.KnowledgeCodeBase object at 0x7f32cffd1b90>
2025-07-18 12:52:36,059 - Knowledge - INFO - persist ingested knowledge for /app/data/b2c/122842/b0265zy/Rialto-AMD/npu/lib/applications/binaries/color_threshold_v2_1080p.json
2025-07-18 12:52:36,011 - Knowledge - INFO - Found code-base-name: https://github.com/Kavia-Admin/Rialto-AMD.git:main
2025-07-18 12:52:36,265 - Knowledge - INFO - Found code_base: <app.utils.kg_build.knowledge.KnowledgeCodeBase object at 0x7f32cffd1b90>
2025-07-18 12:52:36,072 - Knowledge - INFO - done ingest for /app/data/b2c/122842/b0265zy/Rialto-AMD/npu/lib/kernels/inrange.py
2025-07-18 12:52:36,225 - Knowledge - INFO - done ingest for /app/data/b2c/122842/b0265zy/Rialto-AMD/npu/lib/kernels/bitwiseor.py
2025-07-18 12:52:35,823 - Knowledge - INFO - start ingest for /app/data/b2c/122842/b0265zy/Rialto-AMD/npu/lib/applications/binaries/edge_detect_1080p.json
2025-07-18 12:52:36,343 - Knowledge - INFO - persist ingested knowledge for /app/data/b2c/122842/b0265zy/Rialto-AMD/npu/lib/kernels/cpp/filter2d_scalar.h
2025-07-18 12:52:36,497 - Knowledge - INFO - worker kw15 pull /app/data/b2c/122842/b0265zy/Rialto-AMD/npu/lib/applications/__init__.py from ingest queue
2025-07-18 12:52:36,919 - Knowledge - INFO - Thread kw15 - File __init__.py - Remaining files in queue: 6
2025-07-18 12:52:36,763 - Knowledge - INFO - process ingested knowledge for /app/data/b2c/122842/b0265zy/Rialto-AMD/npu/lib/kernels/bitwiseor.py
2025-07-18 12:52:36,575 - Knowledge - INFO - process ingested knowledge for /app/data/b2c/122842/b0265zy/Rialto-AMD/npu/lib/kernels/inrange.py
2025-07-18 12:52:37,035 - Knowledge - INFO - start ingest for /app/data/b2c/122842/b0265zy/Rialto-AMD/npu/lib/applications/__init__.py
2025-07-18 12:52:37,451 - Knowledge - INFO - done ingest for /app/data/b2c/122842/b0265zy/Rialto-AMD/npu/lib/applications/binaries/color_threshold_v1_720p.json
2025-07-18 12:52:37,538 - Knowledge - INFO - process ingested knowledge for /app/data/b2c/122842/b0265zy/Rialto-AMD/npu/lib/applications/binaries/color_threshold_v1_720p.json
2025-07-18 12:52:37,759 - Knowledge - INFO - persist search terms embedding for npu/lib/kernels/cpp/filter2d_scalar.h
2025-07-18 12:52:37,889 - Knowledge - INFO - Found code-base-name: https://github.com/Kavia-Admin/Rialto-AMD.git:main
2025-07-18 12:52:37,893 - Knowledge - INFO - Found code-base-name: https://github.com/Kavia-Admin/Rialto-AMD.git:main
2025-07-18 12:52:38,139 - Knowledge - INFO - Found code_base: <app.utils.kg_build.knowledge.KnowledgeCodeBase object at 0x7f32cffd1b90>
2025-07-18 12:52:38,273 - Knowledge - INFO - persist ingested knowledge for /app/data/b2c/122842/b0265zy/Rialto-AMD/npu/lib/kernels/inrange.py
2025-07-18 12:52:38,012 - Knowledge - INFO - Found code_base: <app.utils.kg_build.knowledge.KnowledgeCodeBase object at 0x7f32cffd1b90>
2025-07-18 12:52:38,474 - Knowledge - INFO - persist ingested knowledge for /app/data/b2c/122842/b0265zy/Rialto-AMD/npu/lib/kernels/bitwiseor.py
2025-07-18 12:52:37,896 - Knowledge - INFO - worker kw3 pull /app/data/b2c/122842/b0265zy/Rialto-AMD/npu/lib/__init__.py from ingest queue
2025-07-18 12:52:37,895 - Knowledge - INFO - Found code-base-name: https://github.com/Kavia-Admin/Rialto-AMD.git:main
2025-07-18 12:52:38,738 - Knowledge - INFO - Thread kw3 - File __init__.py - Remaining files in queue: 5
2025-07-18 12:52:38,985 - Knowledge - INFO - start ingest for /app/data/b2c/122842/b0265zy/Rialto-AMD/npu/lib/__init__.py
2025-07-18 12:52:38,846 - Knowledge - INFO - Found code_base: <app.utils.kg_build.knowledge.KnowledgeCodeBase object at 0x7f32cffd1b90>
2025-07-18 12:52:39,158 - Knowledge - INFO - persist search terms embedding for npu/lib/kernels/inrange.py
2025-07-18 12:52:39,170 - Knowledge - INFO - persist ingested knowledge for /app/data/b2c/122842/b0265zy/Rialto-AMD/npu/lib/applications/binaries/color_threshold_v1_720p.json
2025-07-18 12:52:39,260 - Knowledge - INFO - done ingest for /app/data/b2c/122842/b0265zy/Rialto-AMD/npu/lib/applications/binaries/color_threshold_v2_720p.json
2025-07-18 12:52:39,521 - Knowledge - INFO - process ingested knowledge for /app/data/b2c/122842/b0265zy/Rialto-AMD/npu/lib/applications/binaries/color_threshold_v2_720p.json
2025-07-18 12:52:40,067 - Knowledge - INFO - persist search terms embedding for npu/lib/kernels/bitwiseor.py
2025-07-18 12:52:40,206 - Knowledge - INFO - worker kw10 pull /app/data/b2c/122842/b0265zy/Rialto-AMD/CONTRIBUTING.md from ingest queue
2025-07-18 12:52:40,295 - Knowledge - INFO - Thread kw10 - File CONTRIBUTING.md - Remaining files in queue: 4
2025-07-18 12:52:40,422 - Knowledge - INFO - start ingest for /app/data/b2c/122842/b0265zy/Rialto-AMD/CONTRIBUTING.md
2025-07-18 12:52:40,497 - Knowledge - INFO - Found code-base-name: https://github.com/Kavia-Admin/Rialto-AMD.git:main
2025-07-18 12:52:40,610 - Knowledge - INFO - Found code_base: <app.utils.kg_build.knowledge.KnowledgeCodeBase object at 0x7f32cffd1b90>
2025-07-18 12:52:40,741 - Knowledge - INFO - persist ingested knowledge for /app/data/b2c/122842/b0265zy/Rialto-AMD/npu/lib/applications/binaries/color_threshold_v2_720p.json
2025-07-18 12:52:40,499 - Knowledge - INFO - worker kw4 pull /app/data/b2c/122842/b0265zy/Rialto-AMD/npu/__init__.py from ingest queue
2025-07-18 12:52:40,634 - Knowledge - INFO - done ingest for /app/data/b2c/122842/b0265zy/Rialto-AMD/npu/lib/kernels/rgba2hue.py
2025-07-18 12:52:40,500 - Knowledge - INFO - worker kw2 pull /app/data/b2c/122842/b0265zy/Rialto-AMD/npu/lib/applications/binaries/edge_detect_720p.json from ingest queue
2025-07-18 12:52:41,011 - Knowledge - INFO - Thread kw4 - File __init__.py - Remaining files in queue: 2
2025-07-18 12:52:41,172 - Knowledge - INFO - process ingested knowledge for /app/data/b2c/122842/b0265zy/Rialto-AMD/npu/lib/kernels/rgba2hue.py
2025-07-18 12:52:41,253 - Knowledge - INFO - Thread kw2 - File edge_detect_720p.json - Remaining files in queue: 2
2025-07-18 12:52:41,352 - Knowledge - INFO - start ingest for /app/data/b2c/122842/b0265zy/Rialto-AMD/npu/__init__.py
2025-07-18 12:52:41,565 - Knowledge - INFO - start ingest for /app/data/b2c/122842/b0265zy/Rialto-AMD/npu/lib/applications/binaries/edge_detect_720p.json
2025-07-18 12:52:41,909 - Knowledge - INFO - persist search terms embedding for npu/lib/applications/binaries/color_threshold_v2_720p.json
2025-07-18 12:52:42,038 - Knowledge - INFO - Found code-base-name: https://github.com/Kavia-Admin/Rialto-AMD.git:main
2025-07-18 12:52:42,040 - Knowledge - INFO - worker kw6 pull /app/data/b2c/122842/b0265zy/Rialto-AMD/npu/lib/applications/binaries/color_detect_720p.json from ingest queue
2025-07-18 12:52:42,140 - Knowledge - INFO - Found code_base: <app.utils.kg_build.knowledge.KnowledgeCodeBase object at 0x7f32cffd1b90>
2025-07-18 12:52:42,262 - Knowledge - INFO - Thread kw6 - File color_detect_720p.json - Remaining files in queue: 1
2025-07-18 12:52:42,385 - Knowledge - INFO - persist ingested knowledge for /app/data/b2c/122842/b0265zy/Rialto-AMD/npu/lib/kernels/rgba2hue.py
2025-07-18 12:52:42,500 - Knowledge - INFO - start ingest for /app/data/b2c/122842/b0265zy/Rialto-AMD/npu/lib/applications/binaries/color_detect_720p.json
2025-07-18 12:52:43,300 - Knowledge - INFO - persist search terms embedding for npu/lib/kernels/rgba2hue.py
2025-07-18 12:52:43,408 - Knowledge - INFO - worker kw8 pull /app/data/b2c/122842/b0265zy/Rialto-AMD/npu/lib/applications/binaries/color_detect_1080p.json from ingest queue
2025-07-18 12:52:43,527 - Knowledge - INFO - Thread kw8 - File color_detect_1080p.json - Remaining files in queue: 0
2025-07-18 12:52:43,645 - Knowledge - INFO - start ingest for /app/data/b2c/122842/b0265zy/Rialto-AMD/npu/lib/applications/binaries/color_detect_1080p.json
2025-07-18 12:52:45,570 - Knowledge - INFO - done ingest for /app/data/b2c/122842/b0265zy/Rialto-AMD/npu/lib/kernels/kernelgenerator.py
2025-07-18 12:52:46,038 - Knowledge - INFO - process ingested knowledge for /app/data/b2c/122842/b0265zy/Rialto-AMD/npu/lib/kernels/kernelgenerator.py
2025-07-18 12:52:46,149 - Knowledge - INFO - Found code-base-name: https://github.com/Kavia-Admin/Rialto-AMD.git:main
2025-07-18 12:52:46,265 - Knowledge - INFO - Found code_base: <app.utils.kg_build.knowledge.KnowledgeCodeBase object at 0x7f32cffd1b90>
2025-07-18 12:52:46,386 - Knowledge - INFO - persist ingested knowledge for /app/data/b2c/122842/b0265zy/Rialto-AMD/npu/lib/kernels/kernelgenerator.py
2025-07-18 12:52:46,588 - Knowledge - INFO - done ingest for /app/data/b2c/122842/b0265zy/Rialto-AMD/npu/lib/applications/binaries/edge_detect_1080p.json
2025-07-18 12:52:46,719 - Knowledge - INFO - process ingested knowledge for /app/data/b2c/122842/b0265zy/Rialto-AMD/npu/lib/applications/binaries/edge_detect_1080p.json
2025-07-18 12:52:46,776 - Knowledge - INFO - done ingest for /app/data/b2c/122842/b0265zy/Rialto-AMD/CONTRIBUTING.md
2025-07-18 12:52:46,963 - Knowledge - INFO - process ingested knowledge for /app/data/b2c/122842/b0265zy/Rialto-AMD/CONTRIBUTING.md
2025-07-18 12:52:47,122 - Knowledge - INFO - persist search terms embedding for npu/lib/kernels/kernelgenerator.py
2025-07-18 12:52:47,235 - Knowledge - INFO - Found code-base-name: https://github.com/Kavia-Admin/Rialto-AMD.git:main
2025-07-18 12:52:47,237 - Knowledge - INFO - Found code-base-name: https://github.com/Kavia-Admin/Rialto-AMD.git:main
2025-07-18 12:52:47,356 - Knowledge - INFO - Found code_base: <app.utils.kg_build.knowledge.KnowledgeCodeBase object at 0x7f32cffd1b90>
2025-07-18 12:52:47,515 - Knowledge - INFO - Found code_base: <app.utils.kg_build.knowledge.KnowledgeCodeBase object at 0x7f32cffd1b90>
2025-07-18 12:52:47,614 - Knowledge - INFO - persist ingested knowledge for /app/data/b2c/122842/b0265zy/Rialto-AMD/npu/lib/applications/binaries/edge_detect_1080p.json
2025-07-18 12:52:47,762 - Knowledge - INFO - persist ingested knowledge for /app/data/b2c/122842/b0265zy/Rialto-AMD/CONTRIBUTING.md
2025-07-18 12:52:48,608 - Knowledge - INFO - persist search terms embedding for npu/lib/applications/binaries/edge_detect_1080p.json
2025-07-18 12:52:50,984 - Knowledge - INFO - done ingest for /app/data/b2c/122842/b0265zy/Rialto-AMD/npu/lib/applications/binaries/edge_detect_720p.json
2025-07-18 12:52:51,066 - Knowledge - INFO - process ingested knowledge for /app/data/b2c/122842/b0265zy/Rialto-AMD/npu/lib/applications/binaries/edge_detect_720p.json
2025-07-18 12:52:51,209 - Knowledge - INFO - Found code-base-name: https://github.com/Kavia-Admin/Rialto-AMD.git:main
2025-07-18 12:52:51,330 - Knowledge - INFO - Found code_base: <app.utils.kg_build.knowledge.KnowledgeCodeBase object at 0x7f32cffd1b90>
2025-07-18 12:52:51,415 - Knowledge - INFO - persist ingested knowledge for /app/data/b2c/122842/b0265zy/Rialto-AMD/npu/lib/applications/binaries/edge_detect_720p.json
2025-07-18 12:52:51,984 - Knowledge - INFO - done ingest for /app/data/b2c/122842/b0265zy/Rialto-AMD/npu/lib/applications/binaries/color_detect_720p.json
2025-07-18 12:52:52,066 - Knowledge - INFO - process ingested knowledge for /app/data/b2c/122842/b0265zy/Rialto-AMD/npu/lib/applications/binaries/color_detect_720p.json
2025-07-18 12:52:52,246 - Knowledge - INFO - done ingest for /app/data/b2c/122842/b0265zy/Rialto-AMD/npu/lib/applications/binaries/color_detect_1080p.json
2025-07-18 12:52:52,286 - Knowledge - INFO - Found code-base-name: https://github.com/Kavia-Admin/Rialto-AMD.git:main
2025-07-18 12:52:52,361 - Knowledge - INFO - process ingested knowledge for /app/data/b2c/122842/b0265zy/Rialto-AMD/npu/lib/applications/binaries/color_detect_1080p.json
2025-07-18 12:52:52,482 - Knowledge - INFO - Found code_base: <app.utils.kg_build.knowledge.KnowledgeCodeBase object at 0x7f32cffd1b90>
2025-07-18 12:52:52,730 - Knowledge - INFO - persist ingested knowledge for /app/data/b2c/122842/b0265zy/Rialto-AMD/npu/lib/applications/binaries/color_detect_720p.json
2025-07-18 12:52:52,720 - Knowledge - INFO - Found code-base-name: https://github.com/Kavia-Admin/Rialto-AMD.git:main
2025-07-18 12:52:53,019 - Knowledge - INFO - Found code_base: <app.utils.kg_build.knowledge.KnowledgeCodeBase object at 0x7f32cffd1b90>
2025-07-18 12:52:53,111 - Knowledge - INFO - persist ingested knowledge for /app/data/b2c/122842/b0265zy/Rialto-AMD/npu/lib/applications/binaries/color_detect_1080p.json
2025-07-18 12:52:55,668 - Knowledge - INFO - done ingest for /app/data/b2c/122842/b0265zy/Rialto-AMD/npu/lib/graphs/graph_1ct.py
2025-07-18 12:52:55,841 - Knowledge - INFO - process ingested knowledge for /app/data/b2c/122842/b0265zy/Rialto-AMD/npu/lib/graphs/graph_1ct.py
2025-07-18 12:52:56,122 - Knowledge - INFO - Found code-base-name: https://github.com/Kavia-Admin/Rialto-AMD.git:main
2025-07-18 12:52:56,238 - Knowledge - INFO - Found code_base: <app.utils.kg_build.knowledge.KnowledgeCodeBase object at 0x7f32cffd1b90>
2025-07-18 12:52:56,364 - Knowledge - INFO - persist ingested knowledge for /app/data/b2c/122842/b0265zy/Rialto-AMD/npu/lib/graphs/graph_1ct.py
2025-07-18 12:52:56,596 - Knowledge - INFO - done ingest for /app/data/b2c/122842/b0265zy/Rialto-AMD/npu/lib/applications/__init__.py
2025-07-18 12:52:56,736 - Knowledge - INFO - process ingested knowledge for /app/data/b2c/122842/b0265zy/Rialto-AMD/npu/lib/applications/__init__.py
2025-07-18 12:52:57,396 - Knowledge - INFO - persist search terms embedding for npu/lib/graphs/graph_1ct.py
2025-07-18 12:52:57,540 - Knowledge - INFO - Found code-base-name: https://github.com/Kavia-Admin/Rialto-AMD.git:main
2025-07-18 12:52:57,599 - Knowledge - INFO - done ingest for /app/data/b2c/122842/b0265zy/Rialto-AMD/npu/lib/kernels/__init__.py
2025-07-18 12:52:57,667 - Knowledge - INFO - Found code_base: <app.utils.kg_build.knowledge.KnowledgeCodeBase object at 0x7f32cffd1b90>
2025-07-18 12:52:57,916 - Knowledge - INFO - persist ingested knowledge for /app/data/b2c/122842/b0265zy/Rialto-AMD/npu/lib/applications/__init__.py
2025-07-18 12:52:57,847 - Knowledge - INFO - process ingested knowledge for /app/data/b2c/122842/b0265zy/Rialto-AMD/npu/lib/kernels/__init__.py
2025-07-18 12:52:58,808 - Knowledge - INFO - persist search terms embedding for npu/lib/applications/__init__.py
2025-07-18 12:52:59,238 - Knowledge - INFO - Found code-base-name: https://github.com/Kavia-Admin/Rialto-AMD.git:main
2025-07-18 12:52:59,354 - Knowledge - INFO - Found code_base: <app.utils.kg_build.knowledge.KnowledgeCodeBase object at 0x7f32cffd1b90>
2025-07-18 12:52:59,462 - Knowledge - INFO - persist ingested knowledge for /app/data/b2c/122842/b0265zy/Rialto-AMD/npu/lib/kernels/__init__.py
2025-07-18 12:53:00,372 - Knowledge - INFO - done ingest for /app/data/b2c/122842/b0265zy/Rialto-AMD/npu/lib/graphs/image_looper_720p.py
2025-07-18 12:53:00,670 - Knowledge - INFO - process ingested knowledge for /app/data/b2c/122842/b0265zy/Rialto-AMD/npu/lib/graphs/image_looper_720p.py
2025-07-18 12:53:00,889 - Knowledge - INFO - persist search terms embedding for npu/lib/kernels/__init__.py
2025-07-18 12:53:01,266 - Knowledge - INFO - done ingest for /app/data/b2c/122842/b0265zy/Rialto-AMD/npu/__init__.py
2025-07-18 12:53:01,278 - Knowledge - INFO - Found code-base-name: https://github.com/Kavia-Admin/Rialto-AMD.git:main
2025-07-18 12:53:01,432 - Knowledge - INFO - Found code_base: <app.utils.kg_build.knowledge.KnowledgeCodeBase object at 0x7f32cffd1b90>
2025-07-18 12:53:01,494 - Knowledge - INFO - process ingested knowledge for /app/data/b2c/122842/b0265zy/Rialto-AMD/npu/__init__.py
2025-07-18 12:53:01,607 - Knowledge - INFO - persist ingested knowledge for /app/data/b2c/122842/b0265zy/Rialto-AMD/npu/lib/graphs/image_looper_720p.py
2025-07-18 12:53:01,695 - Knowledge - ERROR - _service_ingest_queue had exception  for file /app/data/b2c/122842/b0265zy/Rialto-AMD/npu/utils/svg.py
Traceback (most recent call last):
  File "/usr/local/lib/python3.11/asyncio/tasks.py", line 500, in wait_for
    return fut.result()
           ^^^^^^^^^^^^
  File "/app/app/utils/kg_build/knowledge.py", line 1569, in _ingest_file
    response = await llm.llm_interaction_wrapper(
               ^^^^^^^^^^^^^^^^^^^^^^^^^^^^^^^^^^
  File "/usr/local/lib/python3.11/site-packages/llm_wrapper/core/llm_interface.py", line 338, in llm_interaction_wrapper
    completion = await invoke_llm()
                 ^^^^^^^^^^^^^^^^^^
  File "/usr/local/lib/python3.11/site-packages/llm_wrapper/core/llm_interface.py", line 284, in invoke_llm
    return await loop.run_in_executor(None, blocking_call_wrapper)
           ^^^^^^^^^^^^^^^^^^^^^^^^^^^^^^^^^^^^^^^^^^^^^^^^^^^^^^^
asyncio.exceptions.CancelledError

The above exception was the direct cause of the following exception:

Traceback (most recent call last):
  File "/app/app/utils/kg_build/knowledge.py", line 301, in _service_ingest_queue
    file_info = self.loop_worker.run_until_complete(asyncio.wait_for( knowledge._ingest_file(filename), knowledge.timeout))
                ^^^^^^^^^^^^^^^^^^^^^^^^^^^^^^^^^^^^^^^^^^^^^^^^^^^^^^^^^^^^^^^^^^^^^^^^^^^^^^^^^^^^^^^^^^^^^^^^^^^^^^^^^^^
  File "/usr/local/lib/python3.11/asyncio/base_events.py", line 654, in run_until_complete
    return future.result()
           ^^^^^^^^^^^^^^^
  File "/usr/local/lib/python3.11/asyncio/tasks.py", line 502, in wait_for
    raise exceptions.TimeoutError() from exc
TimeoutError
2025-07-18 12:53:01,812 - Knowledge - INFO - Found code-base-name: https://github.com/Kavia-Admin/Rialto-AMD.git:main
2025-07-18 12:53:02,063 - Knowledge - INFO - Found code_base: <app.utils.kg_build.knowledge.KnowledgeCodeBase object at 0x7f32cffd1b90>
2025-07-18 12:53:02,041 - Knowledge - INFO - process ingested knowledge for /app/data/b2c/122842/b0265zy/Rialto-AMD/npu/utils/svg.py
2025-07-18 12:53:02,192 - Knowledge - INFO - persist ingested knowledge for /app/data/b2c/122842/b0265zy/Rialto-AMD/npu/__init__.py
2025-07-18 12:53:02,758 - Knowledge - INFO - persist search terms embedding for npu/lib/graphs/image_looper_720p.py
2025-07-18 12:53:04,377 - Knowledge - INFO - persist search terms embedding for npu/__init__.py
2025-07-18 12:53:04,631 - Knowledge - INFO - Found code-base-name: https://github.com/Kavia-Admin/Rialto-AMD.git:main
2025-07-18 12:53:04,728 - Knowledge - INFO - Found code_base: <app.utils.kg_build.knowledge.KnowledgeCodeBase object at 0x7f32cffd1b90>
2025-07-18 12:53:04,830 - Knowledge - INFO - persist ingested knowledge for /app/data/b2c/122842/b0265zy/Rialto-AMD/npu/utils/svg.py
2025-07-18 12:53:07,361 - Knowledge - INFO - done ingest for /app/data/b2c/122842/b0265zy/Rialto-AMD/npu/lib/__init__.py
2025-07-18 12:53:07,713 - Knowledge - INFO - process ingested knowledge for /app/data/b2c/122842/b0265zy/Rialto-AMD/npu/lib/__init__.py
2025-07-18 12:53:08,169 - Knowledge - INFO - Found code-base-name: https://github.com/Kavia-Admin/Rialto-AMD.git:main
2025-07-18 12:53:08,284 - Knowledge - INFO - Found code_base: <app.utils.kg_build.knowledge.KnowledgeCodeBase object at 0x7f32cffd1b90>
2025-07-18 12:53:08,434 - Knowledge - INFO - persist ingested knowledge for /app/data/b2c/122842/b0265zy/Rialto-AMD/npu/lib/__init__.py
2025-07-18 12:53:08,963 - Knowledge - INFO - done ingest for /app/data/b2c/122842/b0265zy/Rialto-AMD/npu/lib/applications/videoapps.py
2025-07-18 12:53:09,280 - Knowledge - INFO - process ingested knowledge for /app/data/b2c/122842/b0265zy/Rialto-AMD/npu/lib/applications/videoapps.py
2025-07-18 12:53:14,490 - Knowledge - INFO - persist search terms embedding for npu/lib/__init__.py
2025-07-18 12:53:14,728 - Knowledge - INFO - Found code-base-name: https://github.com/Kavia-Admin/Rialto-AMD.git:main
2025-07-18 12:53:14,847 - Knowledge - INFO - Found code_base: <app.utils.kg_build.knowledge.KnowledgeCodeBase object at 0x7f32cffd1b90>
2025-07-18 12:53:14,943 - Knowledge - INFO - persist ingested knowledge for /app/data/b2c/122842/b0265zy/Rialto-AMD/npu/lib/applications/videoapps.py
2025-07-18 12:53:15,937 - Knowledge - INFO - persist search terms embedding for npu/lib/applications/videoapps.py
2025-07-18 12:53:31,803 - Knowledge - INFO - done ingest for /app/data/b2c/122842/b0265zy/Rialto-AMD/tests/test_endtoend.py
2025-07-18 12:53:31,929 - Knowledge - INFO - process ingested knowledge for /app/data/b2c/122842/b0265zy/Rialto-AMD/tests/test_endtoend.py
2025-07-18 12:53:32,013 - Knowledge - INFO - Found code-base-name: https://github.com/Kavia-Admin/Rialto-AMD.git:main
2025-07-18 12:53:32,092 - Knowledge - INFO - Found code_base: <app.utils.kg_build.knowledge.KnowledgeCodeBase object at 0x7f32cffd1b90>
2025-07-18 12:53:32,201 - Knowledge - INFO - persist ingested knowledge for /app/data/b2c/122842/b0265zy/Rialto-AMD/tests/test_endtoend.py
2025-07-18 12:53:32,405 - Knowledge - INFO - Knowledge creation complete
2025-07-18 12:53:32,488 - Knowledge - INFO - Updating org costs, total cost: 0.3740049999999999
2025-07-18 12:53:33,165 - Knowledge - INFO - Saving knowledge to Redis...
2025-07-18 12:53:33,338 - Knowledge - INFO - Knowledge saved to Redis successfully
